student_id,sample_number,is_exito,acc_x_filtered_mean_Antebrazo,acc_x_filtered_mean_Bicep,acc_x_filtered_mean_Mano,acc_x_filtered_std_Antebrazo,acc_x_filtered_std_Bicep,acc_x_filtered_std_Mano,acc_x_filtered_max_Antebrazo,acc_x_filtered_max_Bicep,acc_x_filtered_max_Mano,acc_x_filtered_min_Antebrazo,acc_x_filtered_min_Bicep,acc_x_filtered_min_Mano,acc_x_filtered_amplitude_Antebrazo,acc_x_filtered_amplitude_Bicep,acc_x_filtered_amplitude_Mano,acc_y_filtered_mean_Antebrazo,acc_y_filtered_mean_Bicep,acc_y_filtered_mean_Mano,acc_y_filtered_std_Antebrazo,acc_y_filtered_std_Bicep,acc_y_filtered_std_Mano,acc_y_filtered_max_Antebrazo,acc_y_filtered_max_Bicep,acc_y_filtered_max_Mano,acc_y_filtered_min_Antebrazo,acc_y_filtered_min_Bicep,acc_y_filtered_min_Mano,acc_y_filtered_amplitude_Antebrazo,acc_y_filtered_amplitude_Bicep,acc_y_filtered_amplitude_Mano,acc_z_filtered_mean_Antebrazo,acc_z_filtered_mean_Bicep,acc_z_filtered_mean_Mano,acc_z_filtered_std_Antebrazo,acc_z_filtered_std_Bicep,acc_z_filtered_std_Mano,acc_z_filtered_max_Antebrazo,acc_z_filtered_max_Bicep,acc_z_filtered_max_Mano,acc_z_filtered_min_Antebrazo,acc_z_filtered_min_Bicep,acc_z_filtered_min_Mano,acc_z_filtered_amplitude_Antebrazo,acc_z_filtered_amplitude_Bicep,acc_z_filtered_amplitude_Mano,gyro_x_filtered_mean_Antebrazo,gyro_x_filtered_mean_Bicep,gyro_x_filtered_mean_Mano,gyro_x_filtered_std_Antebrazo,gyro_x_filtered_std_Bicep,gyro_x_filtered_std_Mano,gyro_x_filtered_max_Antebrazo,gyro_x_filtered_max_Bicep,gyro_x_filtered_max_Mano,gyro_x_filtered_min_Antebrazo,gyro_x_filtered_min_Bicep,gyro_x_filtered_min_Mano,gyro_x_filtered_amplitude_Antebrazo,gyro_x_filtered_amplitude_Bicep,gyro_x_filtered_amplitude_Mano,gyro_y_filtered_mean_Antebrazo,gyro_y_filtered_mean_Bicep,gyro_y_filtered_mean_Mano,gyro_y_filtered_std_Antebrazo,gyro_y_filtered_std_Bicep,gyro_y_filtered_std_Mano,gyro_y_filtered_max_Antebrazo,gyro_y_filtered_max_Bicep,gyro_y_filtered_max_Mano,gyro_y_filtered_min_Antebrazo,gyro_y_filtered_min_Bicep,gyro_y_filtered_min_Mano,gyro_y_filtered_amplitude_Antebrazo,gyro_y_filtered_amplitude_Bicep,gyro_y_filtered_amplitude_Mano,gyro_z_filtered_mean_Antebrazo,gyro_z_filtered_mean_Bicep,gyro_z_filtered_mean_Mano,gyro_z_filtered_std_Antebrazo,gyro_z_filtered_std_Bicep,gyro_z_filtered_std_Mano,gyro_z_filtered_max_Antebrazo,gyro_z_filtered_max_Bicep,gyro_z_filtered_max_Mano,gyro_z_filtered_min_Antebrazo,gyro_z_filtered_min_Bicep,gyro_z_filtered_min_Mano,gyro_z_filtered_amplitude_Antebrazo,gyro_z_filtered_amplitude_Bicep,gyro_z_filtered_amplitude_Mano,quat_w_mean_Antebrazo,quat_w_mean_Bicep,quat_w_mean_Mano,quat_w_std_Antebrazo,quat_w_std_Bicep,quat_w_std_Mano,quat_w_max_Antebrazo,quat_w_max_Bicep,quat_w_max_Mano,quat_w_min_Antebrazo,quat_w_min_Bicep,quat_w_min_Mano,quat_w_amplitude_Antebrazo,quat_w_amplitude_Bicep,quat_w_amplitude_Mano,quat_x_mean_Antebrazo,quat_x_mean_Bicep,quat_x_mean_Mano,quat_x_std_Antebrazo,quat_x_std_Bicep,quat_x_std_Mano,quat_x_max_Antebrazo,quat_x_max_Bicep,quat_x_max_Mano,quat_x_min_Antebrazo,quat_x_min_Bicep,quat_x_min_Mano,quat_x_amplitude_Antebrazo,quat_x_amplitude_Bicep,quat_x_amplitude_Mano,quat_y_mean_Antebrazo,quat_y_mean_Bicep,quat_y_mean_Mano,quat_y_std_Antebrazo,quat_y_std_Bicep,quat_y_std_Mano,quat_y_max_Antebrazo,quat_y_max_Bicep,quat_y_max_Mano,quat_y_min_Antebrazo,quat_y_min_Bicep,quat_y_min_Mano,quat_y_amplitude_Antebrazo,quat_y_amplitude_Bicep,quat_y_amplitude_Mano,quat_z_mean_Antebrazo,quat_z_mean_Bicep,quat_z_mean_Mano,quat_z_std_Antebrazo,quat_z_std_Bicep,quat_z_std_Mano,quat_z_max_Antebrazo,quat_z_max_Bicep,quat_z_max_Mano,quat_z_min_Antebrazo,quat_z_min_Bicep,quat_z_min_Mano,quat_z_amplitude_Antebrazo,quat_z_amplitude_Bicep,quat_z_amplitude_Mano
Edgar,1,0,0.456477480443115,-0.5218332024945121,-0.09028234439430904,0.34287025995141823,-0.5423735443094563,-1.436601143819112,0.14101922205109313,-0.5471000811765304,-1.3641670699471355,-0.3869343808341696,0.5088253758066017,1.3402723533422434,0.2878169521393802,-0.5421463903963781,-1.45277001184019,-0.9824956642885483,-0.5480313080634654,-0.5998821560428077,0.5578268249881847,-0.536599432538535,-1.4108661182066096,0.6728694949368184,-0.5519369519520001,-1.3467162939871924,-0.6088371382831677,0.4567950904736171,1.2914290042676737,0.7075461825742808,-0.5448555961074332,-1.4478889151599752,-1.6525460569405916,0.5036753153591301,-0.22174666271928054,0.1015747209381479,-0.5381715887040436,-1.3726066085449393,0.13115309945435832,-0.4920756669812765,-1.1566493553937915,0.07024613734919341,0.5416500576999419,1.1973334577526336,0.051523498655677326,-0.5369048334187074,-1.3121288688559236,2.7572341807177003,-0.1899167700116268,0.8360220785448577,-0.4321731944716483,-0.5332509461933772,-1.351094429885412,-0.03656503726860639,-0.5383512701820958,-1.0215712229598437,0.24499206218928887,0.5303682322413739,1.1806701437318947,-0.18799851534750073,-0.5462900879576444,-1.2886078069545166,-1.3829110326076748,-0.2764015287262241,0.2853725474263811,0.20437055269703228,-0.5311704907664675,-1.2239071244000364,0.6098434014427205,-0.5194420102577574,-1.1227353066733008,0.41661820180594816,0.5276826993160222,1.0162682629295805,0.08383813153619712,-0.5333808021932807,-1.100367826806181,1.6961931180794605,-0.1978857723548905,0.28338810735076664,-0.43580843449201756,-0.5421828343222987,-1.4281259543751403,0.6346173928205657,-0.5523043370486485,-1.2193458047288268,0.2362584144635401,0.5244998773731383,1.2819840138039207,0.18488955571733612,-0.5468728009102883,-1.3650674346249227,-0.00025609418292439466,-0.566946709513841,-1.3283971641625187,0.46490757745837236,0.0,-1.2973151868549828,0.4637823377976038,-0.566946709513841,-1.532633826782895,0.027220661823132635,-0.566946709513841,-0.10685628403165713,0.5384870945378517,0.0,-1.3646394063903917,-1.1749363420868124,0.0,0.17614286761624076,-0.22906430145018883,0.0,-1.303646239228569,-0.7604695698999645,0.0,-0.8304652165641213,-0.8757038579632451,0.0,1.2209149153421552,0.08340871297987966,0.0,-1.3878258354303459,-1.157974828163619,0.0,0.6242914188435345,-0.5801482842577416,0.0,-1.2675761036010862,-1.28121983056422,0.0,-0.5529277064504563,-0.7560924575349094,0.0,1.273303578630356,-0.2855829511217629,0.0,-1.3430607915177244,0.163614389391406,0.0,-0.42609702290828344,-0.3643168954032847,0.0,-1.2634109329146468,-0.08941652815443907,0.0,-1.3194508211840854,0.26760691777755263,0.0,1.0015373843205277,-0.23255679867134407,0.0,-1.3529900628073903
Edgar,2,0,0.5018075457818165,-0.5218332024945121,-0.09028234439430904,-0.971973553518546,-0.5423735443094563,-1.436601143819112,-0.9957971284164787,-0.5471000811765304,-1.3641670699471355,1.4732235290073916,0.5088253758066017,1.3402723533422434,-1.3430333596086343,-0.5421463903963781,-1.45277001184019,1.8808888425230712,-0.5480313080634654,-0.5998821560428077,-1.4830159983293825,-0.536599432538535,-1.4108661182066096,-1.3898555876582555,-0.5519369519520001,-1.3467162939871924,1.765268199986363,0.4567950904736171,1.2914290042676737,-1.6808570989157106,-0.5448555961074332,-1.4478889151599752,0.5136018548149376,0.5036753153591301,-0.22174666271928054,-1.6240663483751447,-0.5381715887040436,-1.3726066085449393,-1.851565809037031,-0.4920756669812765,-1.1566493553937915,1.5656884923387477,0.5416500576999419,1.1973334577526336,-2.0279578671701404,-0.5369048334187074,-1.3121288688559236,-0.9028421395246442,-0.1899167700116268,0.8360220785448577,-0.6057493482400681,-0.5332509461933772,-1.351094429885412,-1.8266078642282448,-0.5383512701820958,-1.0215712229598437,0.4345643805121665,0.5303682322413739,1.1806701437318947,-1.2071243010530226,-0.5462900879576444,-1.2886078069545166,1.8934740195669955,-0.2764015287262241,0.2853725474263811,-0.7224460618859985,-0.5311704907664675,-1.2239071244000364,-0.5409368289777843,-0.5194420102577574,-1.1227353066733008,1.5586782576727627,0.5276826993160222,1.0162682629295805,-1.182768882379827,-0.5333808021932807,-1.100367826806181,-1.0528624481253877,-0.1978857723548905,0.28338810735076664,1.0178598026542796,-0.5421828343222987,-1.4281259543751403,-0.7933907123770493,-0.5523043370486485,-1.2193458047288268,0.14508230201778557,0.5244998773731383,1.2819840138039207,-0.49753352474961265,-0.5468728009102883,-1.3650674346249227,0.7462564251464845,-0.566946709513841,-1.3283971641625187,-0.23079165159039292,0.0,-1.2973151868549828,0.4290816660563288,-0.566946709513841,-1.532633826782895,0.3387107895007602,-0.566946709513841,-0.10685628403165713,0.22201021003095567,0.0,-1.3646394063903917,0.8155856029009682,0.0,0.17614286761624076,0.6430546223915191,0.0,-1.303646239228569,0.5978578581979331,0.0,-0.8304652165641213,-0.24608293019789518,0.0,1.2209149153421552,0.7328259294771857,0.0,-1.3878258354303459,0.4453327293010559,0.0,0.6242914188435345,0.5634896032219735,0.0,-1.2675761036010862,0.29342354559068007,0.0,-0.5529277064504563,-0.4496993146697218,0.0,1.273303578630356,0.6438225528943665,0.0,-1.3430607915177244,1.3251365219485698,0.0,-0.42609702290828344,-0.22511974533675408,0.0,-1.2634109329146468,0.14249730869235067,0.0,-1.3194508211840854,1.4322136905903338,0.0,1.0015373843205277,-0.8504281521446085,0.0,-1.3529900628073903
Edgar,3,0,-0.17598475366163402,-0.5218332024945121,-0.09028234439430904,-0.6566449643986065,-0.5423735443094563,-1.436601143819112,-1.2904316613512836,-0.5471000811765304,-1.3641670699471355,-1.8973531935895436,0.5088253758066017,1.3402723533422434,0.3436836213331852,-0.5421463903963781,-1.45277001184019,0.5228009125789461,-0.5480313080634654,-0.5998821560428077,-0.5248651158047297,-0.536599432538535,-1.4108661182066096,-0.8440306949115475,-0.5519369519520001,-1.3467162939871924,1.2958456184537652,0.4567950904736171,1.2914290042676737,-1.117472341253157,-0.5448555961074332,-1.4478889151599752,-0.04720310595047126,0.5036753153591301,-0.22174666271928054,-1.0047966370438342,-0.5381715887040436,-1.3726066085449393,-0.21384981081792825,-0.4920756669812765,-1.1566493553937915,1.3302694853954118,0.5416500576999419,1.1973334577526336,-0.8187721873837037,-0.5369048334187074,-1.3121288688559236,-0.38577309535080545,-0.1899167700116268,0.8360220785448577,-0.403924098450734,-0.5332509461933772,-1.351094429885412,-0.2804516350448002,-0.5383512701820958,-1.0215712229598437,0.4829740273720603,0.5303682322413739,1.1806701437318947,-0.47394768518296987,-0.5462900879576444,-1.2886078069545166,0.44962842649924883,-0.2764015287262241,0.2853725474263811,-1.1865057137583972,-0.5311704907664675,-1.2239071244000364,-0.32382492752982095,-0.5194420102577574,-1.1227353066733008,0.6468316539385334,0.5276826993160222,1.0162682629295805,-0.5435031999021516,-0.5333808021932807,-1.100367826806181,-0.10300830191553997,-0.1978857723548905,0.28338810735076664,-0.03366144714404297,-0.5421828343222987,-1.4281259543751403,0.9554301900684564,-0.5523043370486485,-1.2193458047288268,0.8651769376747512,0.5244998773731383,1.2819840138039207,-0.029784646801568473,-0.5468728009102883,-1.3650674346249227,-0.4925272970035732,-0.566946709513841,-1.3283971641625187,-0.39122997844957136,0.0,-1.2973151868549828,-0.5427335879964932,-0.566946709513841,-1.532633826782895,-0.30996602179147237,-0.566946709513841,-0.10685628403165713,-0.3851663213753571,0.0,-1.3646394063903917,-0.30819490025751534,0.0,0.17614286761624076,2.3263481844482294,0.0,-1.303646239228569,0.8334087569664939,0.0,-0.8304652165641213,-0.8439982574096825,0.0,1.2209149153421552,1.4495380828958004,0.0,-1.3878258354303459,0.6921818593292168,0.0,0.6242914188435345,-0.7061542094399801,0.0,-1.2675761036010862,-0.2816177189730015,0.0,-0.5529277064504563,-0.9418736075337806,0.0,1.273303578630356,0.657565023279384,0.0,-1.3430607915177244,2.7498191494785833,0.0,-0.42609702290828344,0.4014506955408929,0.0,-1.2634109329146468,1.4592805773123925,0.0,-1.3194508211840854,-0.6434672313980342,0.0,1.0015373843205277,1.3489713329539714,0.0,-1.3529900628073903
Edgar,4,0,0.4007309878101011,-0.5218332024945121,-0.09028234439430904,0.3996923329306724,-0.5423735443094563,-1.436601143819112,0.048170684720796234,-0.5471000811765304,-1.3641670699471355,-0.8096022114106428,0.5088253758066017,1.3402723533422434,0.46921645177658733,-0.5421463903963781,-1.45277001184019,0.6607800978533508,-0.5480313080634654,-0.5998821560428077,0.8628034844174478,-0.536599432538535,-1.4108661182066096,1.1137530869168684,-0.5519369519520001,-1.3467162939871924,-0.5643540585304448,0.4567950904736171,1.2914290042676737,0.9795461988066995,-0.5448555961074332,-1.4478889151599752,-1.3671440850030367,0.5036753153591301,-0.22174666271928054,0.5616390185447093,-0.5381715887040436,-1.3726066085449393,0.3650409314184871,-0.4920756669812765,-1.1566493553937915,0.0017677230496169628,0.5416500576999419,1.1973334577526336,0.24193828530698058,-0.5369048334187074,-1.3121288688559236,0.5688289890640645,-0.1899167700116268,0.8360220785448577,1.1926396930068817,-0.5332509461933772,-1.351094429885412,0.8013552494694758,-0.5383512701820958,-1.0215712229598437,0.2581404851617538,0.5303682322413739,1.1806701437318947,0.21841112104500457,-0.5462900879576444,-1.2886078069545166,1.7270268824367356,-0.2764015287262241,0.2853725474263811,0.3505446549701773,-0.5311704907664675,-1.2239071244000364,0.03933579293029657,-0.5194420102577574,-1.1227353066733008,0.270331699217624,0.5276826993160222,1.0162682629295805,-0.13454042272589534,-0.5333808021932807,-1.100367826806181,-0.6042184923176794,-0.1978857723548905,0.28338810735076664,0.9892181374173148,-0.5421828343222987,-1.4281259543751403,1.4609085060046545,-0.5523043370486485,-1.2193458047288268,0.5330063667824134,0.5244998773731383,1.2819840138039207,0.4321942152856587,-0.5468728009102883,-1.3650674346249227,0.4541039731057998,-0.566946709513841,-1.3283971641625187,0.45079596029463975,0.0,-1.2973151868549828,0.46585703050895233,-0.566946709513841,-1.532633826782895,0.10870028500972943,-0.566946709513841,-0.10685628403165713,0.46922758967198397,0.0,-1.3646394063903917,-0.3560833207524765,0.0,0.17614286761624076,1.3778003983825147,0.0,-1.303646239228569,0.2787106176757305,0.0,-0.8304652165641213,-1.018009827494152,0.0,1.2209149153421552,1.1133369146024008,0.0,-1.3878258354303459,0.11812960956562633,0.0,0.6242914188435345,0.39967344771384367,0.0,-1.2675761036010862,0.17193656593595982,0.0,-0.5529277064504563,-0.7879570909935496,0.0,1.273303578630356,0.8642882952008283,0.0,-1.3430607915177244,0.14619289617988493,0.0,-0.42609702290828344,0.5476603375554007,0.0,-1.2634109329146468,0.2163892748161069,0.0,-1.3194508211840854,0.11247567528889144,0.0,1.0015373843205277,0.06345978887549276,0.0,-1.3529900628073903
Edgar,5,0,0.14432472691087497,-0.5218332024945121,-0.09028234439430904,0.4245084550142899,-0.5423735443094563,-1.436601143819112,-0.8043812498834875,-0.5471000811765304,-1.3641670699471355,-1.1622208547265414,0.5088253758066017,1.3402723533422434,0.20301934386216516,-0.5421463903963781,-1.45277001184019,1.6491839770786672,-0.5480313080634654,-0.5998821560428077,-0.8591045165307978,-0.536599432538535,-1.4108661182066096,-0.6814953827765261,-0.5519369519520001,-1.3467162939871924,0.8816539554618688,0.4567950904736171,1.2914290042676737,-0.8311323505238837,-0.5448555961074332,-1.4478889151599752,0.8137902208302206,0.5036753153591301,-0.22174666271928054,-0.9564671875077168,-0.5381715887040436,-1.3726066085449393,-0.527285719032616,-0.4920756669812765,-1.1566493553937915,1.7073475853529276,0.5416500576999419,1.1973334577526336,-1.2190442047899368,-0.5369048334187074,-1.3121288688559236,-0.6876165578519868,-0.1899167700116268,0.8360220785448577,-1.2236502957035653,-0.5332509461933772,-1.351094429885412,-1.204332378290107,-0.5383512701820958,-1.0215712229598437,0.9973218557603367,0.5303682322413739,1.1806701437318947,-1.2887260866481784,-0.5462900879576444,-1.2886078069545166,0.9264695447401072,-0.2764015287262241,0.2853725474263811,-0.5904995321359165,-0.5311704907664675,-1.2239071244000364,-0.20905231644088113,-0.5194420102577574,-1.1227353066733008,1.0539136144255572,0.5276826993160222,1.0162682629295805,-0.7166573337410451,-0.5333808021932807,-1.100367826806181,-2.642792888175196,-0.1978857723548905,0.28338810735076664,0.03012061199716356,-0.5421828343222987,-1.4281259543751403,0.3583633276444574,-0.5523043370486485,-1.2193458047288268,0.9167764063332342,0.5244998773731383,1.2819840138039207,-0.36937773630890103,-0.5468728009102883,-1.3650674346249227,0.6202269414082476,-0.566946709513841,-1.3283971641625187,-0.1257578135009611,0.0,-1.2973151868549828,0.2999115178842158,-0.566946709513841,-1.532633826782895,0.6437388605765926,-0.566946709513841,-0.10685628403165713,-0.20334490338350206,0.0,-1.3646394063903917,0.40159063314880344,0.0,0.17614286761624076,1.1461556143242406,0.0,-1.303646239228569,0.36510449551816154,0.0,-0.8304652165641213,-0.7015301052474998,0.0,1.2209149153421552,0.9184765923897886,0.0,-1.3878258354303459,0.25663663240660306,0.0,0.6242914188435345,0.6732622645025077,0.0,-1.2675761036010862,0.24580904707302562,0.0,-0.5529277064504563,-0.27824668485407983,0.0,1.273303578630356,0.44789544240583407,0.0,-1.3430607915177244,1.3461895659638654,0.0,-0.42609702290828344,-0.6761028236285227,0.0,-1.2634109329146468,-0.06429631219979091,0.0,-1.3194508211840854,0.8900195845556074,0.0,1.0015373843205277,-0.6254988209743912,0.0,-1.3529900628073903
Edgar,6,0,-0.06783756021313264,-0.5218332024945121,-0.09028234439430904,0.049867080264679495,-0.5423735443094563,-1.436601143819112,-0.43390660387179586,-0.5471000811765304,-1.3641670699471355,-0.8701777064536137,0.5088253758066017,1.3402723533422434,0.24269261293966723,-0.5421463903963781,-1.45277001184019,-1.541535889882417,-0.5480313080634654,-0.5998821560428077,0.908124848711201,-0.536599432538535,-1.4108661182066096,0.7827994127619501,-0.5519369519520001,-1.3467162939871924,-1.3654689157981332,0.4567950904736171,1.2914290042676737,1.107111861790956,-0.5448555961074332,-1.4478889151599752,-1.7228988719253042,0.5036753153591301,-0.22174666271928054,-0.030106759241877546,-0.5381715887040436,-1.3726066085449393,0.46903484354427827,-0.4920756669812765,-1.1566493553937915,0.0371024387327753,0.5416500576999419,1.1973334577526336,0.29314889734288296,-0.5369048334187074,-1.3121288688559236,0.7811442414167341,-0.1899167700116268,0.8360220785448577,0.10520907868997958,-0.5332509461933772,-1.351094429885412,-0.17190137474590753,-0.5383512701820958,-1.0215712229598437,0.21234854745044224,0.5303682322413739,1.1806701437318947,-0.23247857918647952,-0.5462900879576444,-1.2886078069545166,0.2802177303423758,-0.2764015287262241,0.2853725474263811,-0.09121387510458734,-0.5311704907664675,-1.2239071244000364,0.7339551482947837,-0.5194420102577574,-1.1227353066733008,0.3794649065878822,0.5276826993160222,1.0162682629295805,0.17099593438492353,-0.5333808021932807,-1.100367826806181,0.8557400262719884,-0.1978857723548905,0.28338810735076664,-0.19250800263847168,-0.5421828343222987,-1.4281259543751403,1.104838050044511,-0.5523043370486485,-1.2193458047288268,0.4185895565111029,0.5244998773731383,1.2819840138039207,0.3174836832615025,-0.5468728009102883,-1.3650674346249227,-0.07179819070290665,-0.566946709513841,-1.3283971641625187,-0.3671254288918654,0.0,-1.2973151868549828,-0.0626096154672137,-0.566946709513841,-1.532633826782895,0.29175673275924435,-0.566946709513841,-0.10685628403165713,-0.3329410800033056,0.0,-1.3646394063903917,-1.5024883438755698,0.0,0.17614286761624076,-0.9378219618973026,0.0,-1.303646239228569,-1.3945310646702842,0.0,-0.8304652165641213,-0.721774777214279,0.0,1.2209149153421552,-0.6023333328077747,0.0,-1.3878258354303459,-1.1425952481325068,0.0,0.6242914188435345,-1.3588536440676648,0.0,-1.2675761036010862,-2.10840548755928,0.0,-0.5529277064504563,-0.7349665000830959,0.0,1.273303578630356,-0.9429028429212939,0.0,-1.3430607915177244,0.003790060790349579,0.0,-0.42609702290828344,-0.963415362990317,0.0,-1.2634109329146468,-0.48751371813462957,0.0,-1.3194508211840854,0.5340567251880103,0.0,1.0015373843205277,-0.6602831655704526,0.0,-1.3529900628073903
Edgar,7,1,0.037244746958914776,-0.5218332024945121,-0.09028234439430904,-0.20772733609567653,-0.5423735443094563,-1.436601143819112,-0.42608088887584605,-0.5471000811765304,-1.3641670699471355,-0.2857922134576142,0.5088253758066017,1.3402723533422434,-0.07305020103830827,-0.5421463903963781,-1.45277001184019,-1.3115559757563224,-0.5480313080634654,-0.5998821560428077,0.735837127356928,-0.536599432538535,-1.4108661182066096,0.24718199561110984,-0.5519369519520001,-1.3467162939871924,-1.2066847723489258,0.4567950904736171,1.2914290042676737,0.6847012899518683,-0.5448555961074332,-1.4478889151599752,-1.3123344534775816,0.5036753153591301,-0.22174666271928054,-0.6804893108721002,-0.5381715887040436,-1.3726066085449393,-0.7460799532497765,-0.4920756669812765,-1.1566493553937915,0.2982954188357949,0.5416500576999419,1.1973334577526336,-0.648015952484532,-0.5369048334187074,-1.3121288688559236,1.016166427971323,-0.1899167700116268,0.8360220785448577,-0.2965935698987873,-0.5332509461933772,-1.351094429885412,-0.5505620092131633,-0.5383512701820958,-1.0215712229598437,0.03247634544055418,0.5303682322413739,1.1806701437318947,-0.29554221223435173,-0.5462900879576444,-1.2886078069545166,-0.056068242180981304,-0.2764015287262241,0.2853725474263811,0.13923639744819055,-0.5311704907664675,-1.2239071244000364,0.8579354164545833,-0.5194420102577574,-1.1227353066733008,0.36169431840090077,0.5276826993160222,1.0162682629295805,0.24694223367887802,-0.5333808021932807,-1.100367826806181,0.5173041781142064,-0.1978857723548905,0.28338810735076664,-0.2676316116163308,-0.5421828343222987,-1.4281259543751403,1.025475995223708,-0.5523043370486485,-1.2193458047288268,0.21051794089722273,0.5244998773731383,1.2819840138039207,0.4023362635293857,-0.5468728009102883,-1.3650674346249227,0.03745663822788059,-0.566946709513841,-1.3283971641625187,-0.19323736073210096,0.0,-1.2973151868549828,-0.05917922500062593,-0.566946709513841,-1.532633826782895,0.2419039605634088,-0.566946709513841,-0.10685628403165713,-0.28486531153749994,0.0,-1.3646394063903917,-1.0121939764203796,0.0,0.17614286761624076,-0.4323917497209433,0.0,-1.303646239228569,-1.4245762610037804,0.0,-0.8304652165641213,-0.906108940621196,0.0,1.2209149153421552,-0.47111407019133156,0.0,-1.3878258354303459,-1.4422332765080808,0.0,0.6242914188435345,-0.9090239620333889,0.0,-1.2675761036010862,-0.988472116029415,0.0,-0.5529277064504563,-0.69680977310943,0.0,1.273303578630356,-0.11494825532730031,0.0,-1.3430607915177244,-0.8509588546387906,0.0,-0.42609702290828344,-0.4890524025168307,0.0,-1.2634109329146468,-0.13197238385488522,0.0,-1.3194508211840854,-0.03553433967580674,0.0,1.0015373843205277,-0.06042332658526974,0.0,-1.3529900628073903
Edgar,8,1,0.4977387832030841,-0.5218332024945121,-0.09028234439430904,0.3839026279220405,-0.5423735443094563,-1.436601143819112,-0.36499520294777227,-0.5471000811765304,-1.3641670699471355,-0.5015505318801404,0.5088253758066017,1.3402723533422434,0.07798638530447906,-0.5421463903963781,-1.45277001184019,-0.9118205609899043,-0.5480313080634654,-0.5998821560428077,1.0711405715193407,-0.536599432538535,-1.4108661182066096,0.8835638751741333,-0.5519369519520001,-1.3467162939871924,-0.9023430751453532,0.4567950904736171,1.2914290042676737,0.9735470407892374,-0.5448555961074332,-1.4478889151599752,-0.8213248029213578,0.5036753153591301,-0.22174666271928054,0.40769380320545406,-0.5381715887040436,-1.3726066085449393,0.288420954632792,-0.4920756669812765,-1.1566493553937915,-0.0750210136116026,0.5416500576999419,1.1973334577526336,0.23001927527387,-0.5369048334187074,-1.3121288688559236,0.789447764362297,-0.1899167700116268,0.8360220785448577,-0.4685005716559834,-0.5332509461933772,-1.351094429885412,0.003190474254532758,-0.5383512701820958,-1.0215712229598437,0.44421914315214395,0.5303682322413739,1.1806701437318947,-0.306418275324586,-0.5462900879576444,-1.2886078069545166,1.132246386897256,-0.2764015287262241,0.2853725474263811,-0.47253725336495617,-0.5311704907664675,-1.2239071244000364,-0.03518057826962553,-0.5194420102577574,-1.1227353066733008,0.5951403584162455,0.5276826993160222,1.0162682629295805,-0.3607574711146525,-0.5333808021932807,-1.100367826806181,-1.6591181414355163,-0.1978857723548905,0.28338810735076664,0.47138524531196796,-0.5421828343222987,-1.4281259543751403,1.1838989562058408,-0.5523043370486485,-1.2193458047288268,0.3288853130615522,0.5244998773731383,1.2819840138039207,0.4125724232844828,-0.5468728009102883,-1.3650674346249227,-0.2369185824715354,-0.566946709513841,-1.3283971641625187,0.4180993280196132,0.0,-1.2973151868549828,-0.062338077192390505,-0.566946709513841,-1.532633826782895,-0.5078295025061992,-0.566946709513841,-0.10685628403165713,0.3717462065597587,0.0,-1.3646394063903917,-1.018283574939504,0.0,0.17614286761624076,0.2560819590471301,0.0,-1.303646239228569,-0.24845440460144072,0.0,-0.8304652165641213,-0.9560317434433717,0.0,1.2209149153421552,0.5995899120553344,0.0,-1.3878258354303459,-1.2373054555428742,0.0,0.6242914188435345,-0.3328191123209514,0.0,-1.2675761036010862,-0.9087506043361092,0.0,-0.5529277064504563,-0.8946938029488869,0.0,1.273303578630356,0.1302766324477761,0.0,-1.3430607915177244,0.8375672849386576,0.0,-0.42609702290828344,0.6067821266867005,0.0,-1.2634109329146468,0.6539221968370135,0.0,-1.3194508211840854,-0.16204921367283773,0.0,1.0015373843205277,0.5215221348983476,0.0,-1.3529900628073903
Edgar,9,0,0.4661786823273796,-0.5218332024945121,-0.09028234439430904,-0.3386716486666085,-0.5423735443094563,-1.436601143819112,-0.2849039792459773,-0.5471000811765304,-1.3641670699471355,-0.13048350035310774,0.5088253758066017,1.3402723533422434,-0.08203324832401888,-0.5421463903963781,-1.45277001184019,-0.86161704411689,-0.5480313080634654,-0.5998821560428077,0.547434468603804,-0.536599432538535,-1.4108661182066096,0.4549942050289085,-0.5519369519520001,-1.3467162939871924,-1.252109984289954,0.4567950904736171,1.2914290042676737,0.8415987951231232,-0.5448555961074332,-1.4478889151599752,-1.3882619317121765,0.5036753153591301,-0.22174666271928054,-0.5842454367628788,-0.5381715887040436,-1.3726066085449393,-0.551200963367572,-0.4920756669812765,-1.1566493553937915,0.34479766463292333,0.5416500576999419,1.1973334577526336,-0.5420248680002283,-0.5369048334187074,-1.3121288688559236,0.6540129977223695,-0.1899167700116268,0.8360220785448577,0.11738468039739194,-0.5332509461933772,-1.351094429885412,-0.1340770339481424,-0.5383512701820958,-1.0215712229598437,0.6965076922191002,0.5303682322413739,1.1806701437318947,-0.5494143583396714,-0.5462900879576444,-1.2886078069545166,-0.12226430021196869,-0.2764015287262241,0.2853725474263811,-0.25287392001821835,-0.5311704907664675,-1.2239071244000364,0.3254162416796486,-0.5194420102577574,-1.1227353066733008,0.1284247017599651,0.5276826993160222,1.0162682629295805,0.09870484761623674,-0.5333808021932807,-1.100367826806181,0.7545600652211376,-0.1978857723548905,0.28338810735076664,-0.08622767651519253,-0.5421828343222987,-1.4281259543751403,0.9217169400736951,-0.5523043370486485,-1.2193458047288268,0.3380236149002738,0.5244998773731383,1.2819840138039207,0.2716283530941448,-0.5468728009102883,-1.3650674346249227,-0.020647415104635195,-0.566946709513841,-1.3283971641625187,0.6604744652511599,0.0,-1.2973151868549828,0.414121550003196,-0.566946709513841,-1.532633826782895,-0.30471651570481395,-0.566946709513841,-0.10685628403165713,0.7706639725306773,0.0,-1.3646394063903917,-1.1275510879047748,0.0,0.17614286761624076,0.27520346364767684,0.0,-1.303646239228569,-0.27319599409412015,0.0,-0.8304652165641213,-1.0559139633027008,0.0,1.2209149153421552,0.6632953898792956,0.0,-1.3878258354303459,-0.4255866243321357,0.0,0.6242914188435345,-0.04068040521888018,0.0,-1.2675761036010862,-0.6909189982926344,0.0,-0.5529277064504563,-0.732139763772552,0.0,1.273303578630356,0.14725325612902784,0.0,-1.3430607915177244,0.6550510617462908,0.0,-0.42609702290828344,1.1547661832684777,0.0,-1.2634109329146468,0.4175081352401242,0.0,-1.3194508211840854,-0.8571769331831053,0.0,1.0015373843205277,0.8281183329009961,0.0,-1.3529900628073903
Edgar,10,0,-0.14346035365620025,-0.5218332024945121,-0.09028234439430904,-0.41510271433083806,-0.5423735443094563,-1.436601143819112,-1.1149624119513182,-0.5471000811765304,-1.3641670699471355,-0.21141862419604063,0.5088253758066017,1.3402723533422434,-0.4848635153214898,-0.5421463903963781,-1.45277001184019,-1.4123775799379774,-0.5480313080634654,-0.5998821560428077,-1.1734288891203655,-0.536599432538535,-1.4108661182066096,-0.9120392599746198,-0.5519369519520001,-1.3467162939871924,0.9748516462995013,0.4567950904736171,1.2914290042676737,-1.0236882976584838,-0.5448555961074332,-1.4478889151599752,-0.13250890522920036,0.5036753153591301,-0.22174666271928054,-0.6960082782442198,-0.5381715887040436,-1.3726066085449393,0.17279899935557919,-0.4920756669812765,-1.1566493553937915,1.543832482474373,0.5416500576999419,1.1973334577526336,-0.6701687033158864,-0.5369048334187074,-1.3121288688559236,-0.06904763763197046,-0.1899167700116268,0.8360220785448577,-1.1183566269804819,-0.5332509461933772,-1.351094429885412,-1.0780048218159721,-0.5383512701820958,-1.0215712229598437,1.1320506176319831,0.5303682322413739,1.1806701437318947,-1.3194945505253974,-0.5462900879576444,-1.2886078069545166,-0.16029192644561815,-0.2764015287262241,0.2853725474263811,0.4065015790954142,-0.5311704907664675,-1.2239071244000364,0.4603077160060113,-0.5194420102577574,-1.1227353066733008,0.020243545291025136,0.5276826993160222,1.0162682629295805,0.23240686428236632,-0.5333808021932807,-1.100367826806181,0.4726927448691973,-0.1978857723548905,0.28338810735076664,-0.575160207192097,-0.5421828343222987,-1.4281259543751403,1.279345136744409,-0.5523043370486485,-1.2193458047288268,1.6800429573600766,0.5244998773731383,1.2819840138039207,-0.3553188972248424,-0.5468728009102883,-1.3650674346249227,-0.47985088446665186,-0.566946709513841,-1.3283971641625187,-1.0013711037312045,0.0,-1.2973151868549828,-0.5588355677208713,-0.566946709513841,-1.532633826782895,0.30026542580648286,-0.566946709513841,-0.10685628403165713,-0.9422492338117818,0.0,-1.3646394063903917,-0.9263487425234718,0.0,0.17614286761624076,-1.18904827432236,0.0,-1.303646239228569,-1.0236459383662713,0.0,-0.8304652165641213,-0.015544548475600247,0.0,1.2209149153421552,-0.8814934661661621,0.0,-1.3878258354303459,-2.254711410905086,0.0,0.6242914188435345,-1.3955012371029054,0.0,-1.2675761036010862,-2.9354256348878645,0.0,-0.5529277064504563,-0.9798066701865783,0.0,1.273303578630356,-1.3531053252722585,0.0,-1.3430607915177244,-0.21745552595318643,0.0,-0.42609702290828344,-1.0045848564331346,0.0,-1.2634109329146468,-0.725703944662625,0.0,-1.3194508211840854,0.9335948101723875,0.0,1.0015373843205277,-1.0739421205669253,0.0,-1.3529900628073903
Edgar,11,0,0.20135811157870415,-0.5218332024945121,-0.09028234439430904,-0.22808686294870406,-0.5423735443094563,-1.436601143819112,-0.4499415108882572,-0.5471000811765304,-1.3641670699471355,-0.3351953642682889,0.5088253758066017,1.3402723533422434,-0.05885480425852838,-0.5421463903963781,-1.45277001184019,-0.35151057436607713,-0.5480313080634654,-0.5998821560428077,0.8764188623062608,-0.536599432538535,-1.4108661182066096,0.807749071029452,-0.5519369519520001,-1.3467162939871924,-1.3121066959124092,0.4567950904736171,1.2914290042676737,1.1005334936333895,-0.5448555961074332,-1.4478889151599752,-0.3501530632722435,0.5036753153591301,-0.22174666271928054,-0.7930282021495596,-0.5381715887040436,-1.3726066085449393,-0.5318152340291732,-0.4920756669812765,-1.1566493553937915,-0.02606059982194685,0.5416500576999419,1.1973334577526336,-0.34052784128472546,-0.5369048334187074,-1.3121288688559236,-0.3525296464500809,-0.1899167700116268,0.8360220785448577,-0.6837500173538646,-0.5332509461933772,-1.351094429885412,-0.24243472551781428,-0.5383512701820958,-1.0215712229598437,0.454668546931653,0.5303682322413739,1.1806701437318947,-0.4354693590316316,-0.5462900879576444,-1.2886078069545166,0.5014167682706554,-0.2764015287262241,0.2853725474263811,-0.2785152173483192,-0.5311704907664675,-1.2239071244000364,0.7057589130822198,-0.5194420102577574,-1.1227353066733008,0.6289416588329867,0.5276826993160222,1.0162682629295805,0.01263982715757627,-0.5333808021932807,-1.100367826806181,-1.6137036333917396,-0.1978857723548905,0.28338810735076664,0.21027973984241188,-0.5421828343222987,-1.4281259543751403,0.7536773895581119,-0.5523043370486485,-1.2193458047288268,0.13965868641662452,0.5244998773731383,1.2819840138039207,0.30480828513767844,-0.5468728009102883,-1.3650674346249227,0.052590438188663845,-0.566946709513841,-1.3283971641625187,0.2286459623186525,0.0,-1.2973151868549828,0.15596322675979948,-0.566946709513841,-1.532633826782895,-0.08202990578232301,-0.566946709513841,-0.10685628403165713,0.26140944967894697,0.0,-1.3646394063903917,-0.5850314800689772,0.0,0.17614286761624076,0.9802551006514092,0.0,-1.303646239228569,0.2445453363905092,0.0,-0.8304652165641213,-0.9074279014840925,0.0,1.2209149153421552,0.9889996079539732,0.0,-1.3878258354303459,-0.6793051118044475,0.0,0.6242914188435345,1.0020833857895781,0.0,-1.2675761036010862,0.33972532206138817,0.0,-0.5529277064504563,-0.5909270411752521,0.0,1.273303578630356,0.8106692497721116,0.0,-1.3430607915177244,0.9901616472734216,0.0,-0.42609702290828344,-0.2693918121202672,0.0,-1.2634109329146468,0.11462157904973452,0.0,-1.3194508211840854,0.7171518820694857,0.0,1.0015373843205277,-0.39837038586167933,0.0,-1.3529900628073903
Edgar,12,0,-0.12833880571719034,-0.5218332024945121,-0.09028234439430904,0.04111911973980753,-0.5423735443094563,-1.436601143819112,-0.21049720821827395,-0.5471000811765304,-1.3641670699471355,-0.03887410749072536,0.5088253758066017,1.3402723533422434,-0.0921084460510379,-0.5421463903963781,-1.45277001184019,-1.5433500722901905,-0.5480313080634654,-0.5998821560428077,0.9990441526935175,-0.536599432538535,-1.4108661182066096,0.5837170071776744,-0.5519369519520001,-1.3467162939871924,-1.209368812326627,0.4567950904736171,1.2914290042676737,0.9081564021397464,-0.5448555961074332,-1.4478889151599752,-1.5362383834044016,0.5036753153591301,-0.22174666271928054,-0.42936335604198844,-0.5381715887040436,-1.3726066085449393,-0.7281811101760851,-0.4920756669812765,-1.1566493553937915,0.162936643510236,0.5416500576999419,1.1973334577526336,-0.5672719707262778,-0.5369048334187074,-1.3121288688559236,0.0673249813188964,-0.1899167700116268,0.8360220785448577,-0.39683580122666673,-0.5332509461933772,-1.351094429885412,-0.2445930416693198,-0.5383512701820958,-1.0215712229598437,0.3250735796357212,0.5303682322413739,1.1806701437318947,-0.34668468198670155,-0.5462900879576444,-1.2886078069545166,0.2908333504430446,-0.2764015287262241,0.2853725474263811,0.3990409313736508,-0.5311704907664675,-1.2239071244000364,1.4836986264031164,-0.5194420102577574,-1.1227353066733008,-0.1587992589678713,0.5276826993160222,1.0162682629295805,0.877902320107632,-0.5333808021932807,-1.100367826806181,0.1732568788147777,-0.1978857723548905,0.28338810735076664,0.0252335092763449,-0.5421828343222987,-1.4281259543751403,1.5444009751864625,-0.5523043370486485,-1.2193458047288268,-0.2557879520949828,0.5244998773731383,1.2819840138039207,0.9523862899866586,-0.5468728009102883,-1.3650674346249227,-0.33262703270559374,-0.566946709513841,-1.3283971641625187,-0.10517687779525148,0.0,-1.2973151868549828,-0.3883272521885329,-0.566946709513841,-1.532633826782895,-0.13053873732713844,-0.566946709513841,-0.10685628403165713,-0.35596347952605345,0.0,-1.3646394063903917,-1.5952534010831558,0.0,0.17614286761624076,-0.8927153657994691,0.0,-1.303646239228569,-1.635865558583105,0.0,-0.8304652165641213,-0.9425738796475357,0.0,1.2209149153421552,-0.6246499832064359,0.0,-1.3878258354303459,-1.1944806600409936,0.0,0.6242914188435345,-0.8861210406985662,0.0,-1.2675761036010862,-1.5052095426827343,0.0,-0.5529277064504563,-0.6316723818270262,0.0,1.273303578630356,-0.5738059459556406,0.0,-1.3430607915177244,0.08530901879011853,0.0,-0.42609702290828344,-0.2824052355971859,0.0,-1.2634109329146468,-0.030462600710235942,0.0,-1.3194508211840854,0.6868043441651427,0.0,1.0015373843205277,-0.47052360653946157,0.0,-1.3529900628073903
Edgar,13,0,-0.047114979574833654,-0.5218332024945121,-0.09028234439430904,-0.3826407154838042,-0.5423735443094563,-1.436601143819112,-0.1140223360718414,-0.5471000811765304,-1.3641670699471355,-0.33271378205456537,0.5088253758066017,1.3402723533422434,0.1207424312028626,-0.5421463903963781,-1.45277001184019,-1.2987403939163784,-0.5480313080634654,-0.5998821560428077,0.46174370204018406,-0.536599432538535,-1.4108661182066096,0.5217381108396315,-0.5519369519520001,-1.3467162939871924,-1.010061618186904,0.4567950904736171,1.2914290042676737,0.7810930224698309,-0.5448555961074332,-1.4478889151599752,-1.1805523761713443,0.5036753153591301,-0.22174666271928054,-0.6300473954137263,-0.5381715887040436,-1.3726066085449393,-0.14255289692909026,-0.4920756669812765,-1.1566493553937915,-0.08578587596980516,0.5416500576999419,1.1973334577526336,-0.0512042426449944,-0.5369048334187074,-1.3121288688559236,1.2643296764254774,-0.1899167700116268,0.8360220785448577,-0.13233451857332593,-0.5332509461933772,-1.351094429885412,0.18161407400356558,-0.5383512701820958,-1.0215712229598437,0.18249985810229932,0.5303682322413739,1.1806701437318947,-0.036473990893680495,-0.5462900879576444,-1.2886078069545166,-0.6800082534780697,-0.2764015287262241,0.2853725474263811,-0.4989428915973678,-0.5311704907664675,-1.2239071244000364,0.6181862361530661,-0.5194420102577574,-1.1227353066733008,0.6409447834206703,0.5276826993160222,1.0162682629295805,-0.040688767286021055,-0.5333808021932807,-1.100367826806181,1.5139919124910846,-0.1978857723548905,0.28338810735076664,-0.3578832222837235,-0.5421828343222987,-1.4281259543751403,1.3906846833693873,-0.5523043370486485,-1.2193458047288268,0.3527584603435146,0.5244998773731383,1.2819840138039207,0.5049387293220089,-0.5468728009102883,-1.3650674346249227,-0.2296781952565484,-0.566946709513841,-1.3283971641625187,0.35000552480925506,0.0,-1.2973151868549828,0.40680013235282453,-0.566946709513841,-1.532633826782895,-0.07014893368462433,-0.566946709513841,-0.10685628403165713,0.5551534015348392,0.0,-1.3646394063903917,-1.1580631225996667,0.0,0.17614286761624076,-0.6754549160960046,0.0,-1.303646239228569,-0.9574292630070249,0.0,-0.8304652165641213,-0.4291443250724994,0.0,1.2209149153421552,-0.4702631402228613,0.0,-1.3878258354303459,-1.6762788272376172,0.0,0.6242914188435345,-0.8878619496119519,0.0,-1.2675761036010862,-1.6698974297490856,0.0,-0.5529277064504563,-0.7739656586152222,0.0,1.273303578630356,-0.5686277314793554,0.0,-1.3430607915177244,-0.4518733854462364,0.0,-0.42609702290828344,-1.2143090022447744,0.0,-1.2634109329146468,-1.5668667967683134,0.0,-1.3194508211840854,0.6611529364467974,0.0,1.0015373843205277,-1.4288782423151114,0.0,-1.3529900628073903
Edgar,14,0,0.40178440124030285,-0.5218332024945121,-0.09028234439430904,-0.3091361762875641,-0.5423735443094563,-1.436601143819112,-0.17247200467651738,-0.5471000811765304,-1.3641670699471355,-0.6820093537461734,0.5088253758066017,1.3402723533422434,0.2804999811950462,-0.5421463903963781,-1.45277001184019,-0.26326395132364655,-0.5480313080634654,-0.5998821560428077,0.39794743557980183,-0.536599432538535,-1.4108661182066096,0.6559840837673792,-0.5519369519520001,-1.3467162939871924,-1.3073583324981464,0.4567950904736171,1.2914290042676737,0.9982345994282289,-0.5448555961074332,-1.4478889151599752,-0.655450079545032,0.5036753153591301,-0.22174666271928054,-1.0290575651662215,-0.5381715887040436,-1.3726066085449393,-0.5146173851204108,-0.4920756669812765,-1.1566493553937915,0.12795613474575143,0.5416500576999419,1.1973334577526336,-0.4074129031155475,-0.5369048334187074,-1.3121288688559236,0.7477721650430922,-0.1899167700116268,0.8360220785448577,-0.3179902967557157,-0.5332509461933772,-1.351094429885412,-0.5349682617886251,-0.5383512701820958,-1.0215712229598437,0.2047347801890988,0.5303682322413739,1.1806701437318947,-0.4072450557809565,-0.5462900879576444,-1.2886078069545166,-0.22541862905614748,-0.2764015287262241,0.2853725474263811,-0.48437914355119105,-0.5311704907664675,-1.2239071244000364,0.6071976802200265,-0.5194420102577574,-1.1227353066733008,0.42560188705,0.5276826993160222,1.0162682629295805,0.07727132892467471,-0.5333808021932807,-1.100367826806181,-0.3580443831433894,-0.1978857723548905,0.28338810735076664,0.4200173422008221,-0.5421828343222987,-1.4281259543751403,0.6629896724975161,-0.5523043370486485,-1.2193458047288268,-0.35963064383791843,0.5244998773731383,1.2819840138039207,0.5599416077226116,-0.5468728009102883,-1.3650674346249227,0.32485831005348015,-0.566946709513841,-1.3283971641625187,0.5302700081557924,0.0,-1.2973151868549828,0.4640459754346552,-0.566946709513841,-1.532633826782895,-0.1553408746099049,-0.566946709513841,-0.10685628403165713,0.6996258470904624,0.0,-1.3646394063903917,-0.5775080262679416,0.0,0.17614286761624076,0.13827528196177855,0.0,-1.303646239228569,-0.15930544900344573,0.0,-0.8304652165641213,-0.5343960297476917,0.0,1.2209149153421552,0.31730006842894215,0.0,-1.3878258354303459,-0.8786359202599642,0.0,0.6242914188435345,0.8512626250614662,0.0,-1.2675761036010862,0.8788153166097438,0.0,-0.5529277064504563,-0.6768142313213175,0.0,1.273303578630356,1.3060285081387233,0.0,-1.3430607915177244,-0.03274232823537286,0.0,-0.42609702290828344,-0.8159333565575003,0.0,-1.2634109329146468,-0.8356946194775486,0.0,-1.3194508211840854,0.6879277878793426,0.0,1.0015373843205277,-0.9823687546334875,0.0,-1.3529900628073903
Edgar,15,0,0.14871724737508668,-0.5218332024945121,-0.09028234439430904,0.27254243037653786,-0.5423735443094563,-1.436601143819112,0.22753029873658676,-0.5471000811765304,-1.3641670699471355,-0.6854668670287783,0.5088253758066017,1.3402723533422434,0.4978698169594732,-0.5421463903963781,-1.45277001184019,-1.4487302124039794,-0.5480313080634654,-0.5998821560428077,0.8860592907924102,-0.536599432538535,-1.4108661182066096,0.647601745585364,-0.5519369519520001,-1.3467162939871924,-1.0418943999369794,0.4567950904736171,1.2914290042676737,0.8779866025083203,-0.5448555961074332,-1.4478889151599752,-0.5389145272641017,0.5036753153591301,-0.22174666271928054,-0.5942098225641043,-0.5381715887040436,-1.3726066085449393,-0.6859625560540127,-0.4920756669812765,-1.1566493553937915,0.00784217481246488,0.5416500576999419,1.1973334577526336,-0.4603130735010861,-0.5369048334187074,-1.3121288688559236,0.18162779686859115,-0.1899167700116268,0.8360220785448577,-0.9647087380741283,-0.5332509461933772,-1.351094429885412,-0.5113383180601581,-0.5383512701820958,-1.0215712229598437,0.5428728046723492,0.5303682322413739,1.1806701437318947,-0.6299757577200196,-0.5462900879576444,-1.2886078069545166,0.7710786701121598,-0.2764015287262241,0.2853725474263811,-0.45009392398876574,-0.5311704907664675,-1.2239071244000364,-0.10419740322235217,-0.5194420102577574,-1.1227353066733008,0.4264200385842946,0.5276826993160222,1.0162682629295805,-0.3003626349761483,-0.5333808021932807,-1.100367826806181,-1.3026662419454227,-0.1978857723548905,0.28338810735076664,0.3337705159286925,-0.5421828343222987,-1.4281259543751403,1.1411324400001772,-0.5523043370486485,-1.2193458047288268,-0.03424416120863403,0.5244998773731383,1.2819840138039207,0.6101066673832737,-0.5468728009102883,-1.3650674346249227,-0.3559495901512217,-0.566946709513841,-1.3283971641625187,-0.39026061196486594,0.0,-1.2973151868549828,-0.11309321407480834,-0.566946709513841,-1.532633826782895,0.03946444351074779,-0.566946709513841,-0.10685628403165713,-0.17192151705820952,0.0,-1.3646394063903917,-1.394111155502206,0.0,0.17614286761624076,-0.3075729515651685,0.0,-1.303646239228569,-0.6216664733024511,0.0,-0.8304652165641213,-0.7739212652447526,0.0,1.2209149153421552,0.1177813797959301,0.0,-1.3878258354303459,-1.2408905775518622,0.0,0.6242914188435345,-0.8920614286639001,0.0,-1.2675761036010862,-1.0759333679765386,0.0,-0.5529277064504563,-0.27127871831741035,0.0,1.273303578630356,-0.5775446572284534,0.0,-1.3430607915177244,1.043614851852112,0.0,-0.42609702290828344,-0.25584531236881497,0.0,-1.2634109329146468,0.5892178102501491,0.0,-1.3194508211840854,1.2862924083564053,0.0,1.0015373843205277,-0.47101876825121225,0.0,-1.3529900628073903
Edgar,16,1,0.1371437760826847,-0.5218332024945121,-0.09028234439430904,0.03794885026948911,-0.5423735443094563,-1.436601143819112,-0.27166397652389357,-0.5471000811765304,-1.3641670699471355,-0.2108047585161616,0.5088253758066017,1.3402723533422434,-0.030924102205079077,-0.5421463903963781,-1.45277001184019,-1.3970489637279724,-0.5480313080634654,-0.5998821560428077,0.4508361818767522,-0.536599432538535,-1.4108661182066096,0.3593965596185778,-0.5519369519520001,-1.3467162939871924,-1.3059309689387353,0.4567950904736171,1.2914290042676737,0.8017094847118602,-0.5448555961074332,-1.4478889151599752,-0.8718700458012819,0.5036753153591301,-0.22174666271928054,-0.6459203683762499,-0.5381715887040436,-1.3726066085449393,-0.7776052467351031,-0.4920756669812765,-1.1566493553937915,-0.15387816767064,0.5416500576999419,1.1973334577526336,-0.4390334842350586,-0.5369048334187074,-1.3121288688559236,0.261391275215261,-0.1899167700116268,0.8360220785448577,-0.47187472397096397,-0.5332509461933772,-1.351094429885412,-0.13818361425241282,-0.5383512701820958,-1.0215712229598437,0.45137240458787986,0.5303682322413739,1.1806701437318947,-0.38148566318629146,-0.5462900879576444,-1.2886078069545166,0.08228970720493918,-0.2764015287262241,0.2853725474263811,0.6503719391484367,-0.5311704907664675,-1.2239071244000364,1.2877067347851214,-0.5194420102577574,-1.1227353066733008,-0.16164892934806302,0.5276826993160222,1.0162682629295805,0.7756304619118038,-0.5333808021932807,-1.100367826806181,-0.1380614689589517,-0.1978857723548905,0.28338810735076664,-0.297904259192,-0.5421828343222987,-1.4281259543751403,0.8842774750444785,-0.5523043370486485,-1.2193458047288268,0.1998778298722774,0.5244998773731383,1.2819840138039207,0.33584235758784,-0.5468728009102883,-1.3650674346249227,-0.12272304750820165,-0.566946709513841,-1.3283971641625187,-0.032051075347055535,0.0,-1.2973151868549828,0.2486016011709659,-0.566946709513841,-1.532633826782895,-0.12603934947079493,-0.566946709513841,-0.10685628403165713,0.41252745463207363,0.0,-1.3646394063903917,-0.9040885122680387,0.0,0.17614286761624076,-0.7199891312867602,0.0,-1.303646239228569,-0.5727148367968444,0.0,-0.8304652165641213,-0.7800537726389634,0.0,1.2209149153421552,0.16580940512901685,0.0,-1.3878258354303459,-1.7773713582061883,0.0,0.6242914188435345,-0.5898048126244438,0.0,-1.2675761036010862,-0.7726164756003988,0.0,-0.5529277064504563,-1.006066661925462,0.0,1.273303578630356,0.33865291230085803,0.0,-1.3430607915177244,-0.17574926050009199,0.0,-0.42609702290828344,-0.5536061602652863,0.0,-1.2634109329146468,0.28887241714135675,0.0,-1.3194508211840854,0.32808376121425864,0.0,1.0015373843205277,-0.03217397243658622,0.0,-1.3529900628073903
Erick,1,1,-0.11407766993965618,0.8154459510111797,-0.0806554109661655,-0.6415060985723676,1.7018183065306,0.6650727632239775,-0.05162918785739106,1.7020205537092024,1.4807314341869482,0.32139108098363917,-2.3000550753580344,-1.4441145348190658,-0.20377774767314505,2.087851437871914,1.5708811919039902,1.4160576800541063,1.9903252193610796,1.7802413913720958,0.19242715644945127,1.0380336541670492,1.0326758969376544,0.9620625735168472,1.4292110662273245,0.9872504037122878,0.16799575664101216,-1.4163992970177062,-0.21923787184797422,0.5628885342847357,1.4859404586154958,0.8070368207861907,-0.430388132059345,-1.0605336228623807,0.5985799653973646,0.9361921880835489,0.9491567801980355,-0.10363324077133249,0.8363283706786131,1.1589393040927343,0.5554071828088011,0.12568569040300365,-0.7759843691844436,-0.13776205019333543,0.4924354054382057,1.0386841250120424,0.4241272094742636,-0.9040176939638336,0.2561179652579607,-0.9610733774345238,1.2084626957564462,0.3773969914437654,-0.10120798435197527,0.03293247615706469,0.5368025488348008,-0.16957814499783155,-1.6192177701053765,-0.7756675106893747,0.19981165475789864,1.1390199014023386,0.6527683875737271,-0.21674953539297734,-0.04318867243886306,0.08886833232104843,0.09674946407632154,0.4703559334821483,1.2363565993438297,0.19320015829981232,1.7791213925719067,1.9970834395217545,0.954928717722376,-0.9413814361673856,-0.9843541638087236,-0.5911288595015027,1.4843811342550397,1.496625932733163,0.7537874156018125,0.5135835653030822,0.9509102680320105,-0.27888896191193785,-0.20833931854172547,1.76404229132631,0.5620756077234695,-0.24543100521930192,2.218855427984766,-0.06251657096626657,-0.4358321475432403,-1.8117418370373757,-0.26509936348502683,0.1368289891987388,2.069089592339176,0.1608835088255379,0.42252734238194,1.7638342073763942,1.003729224683852,-0.7353904130426463,0.0,0.5814446155458485,0.37819890064691397,1.7638342073763942,0.681937227118793,0.8409359874493746,1.7638342073763942,-0.6387015072302893,-0.28211110029518166,0.0,0.9680508103573157,1.5176967229124398,0.0,-0.4638545998141003,1.6123099741986386,0.0,1.0718130549504552,1.5515273942125045,0.0,0.9710249602395553,0.26567378271104863,0.0,-0.21922051340518744,1.1292245678329718,0.0,0.8179811649438001,0.49140373413885935,0.0,0.3087888839645296,0.06178689055590211,0.0,1.3737430666961998,1.1421500684301642,0.0,1.1324140607093707,0.9169935916867415,0.0,-0.9017549658774173,0.028949005506110487,0.0,1.4039403564437838,1.710436009389999,0.0,0.5025065173251401,-0.5438940805802706,0.0,-0.12092889423909362,0.34392670210355397,0.0,0.4181886222959835,1.2773424621651845,0.0,-0.009510197181380098,-0.6208335008227941,0.0,0.2590274780744385
Erick,2,0,0.1469803627862895,2.3695246805502967,1.6159615302417476,-0.23000438261238942,1.9607360992736493,0.3436974577070021,-0.0005633018237374629,2.0456677209433045,-0.4578965284245319,0.5257225341130866,-2.300603069207816,-0.8352675421966733,-0.2881431732129096,2.2498650148187544,0.23721933211226273,-0.417112398557273,1.766484499277882,-0.6025248402474316,0.026856843795263336,0.7450799577117417,0.26506441246399803,0.5524759747789868,1.6342853056049258,0.9113432570167077,-0.11046024678880129,-0.27414071813964996,-0.7439011217115526,0.4126648352455652,1.2666997257682315,0.9343408485469117,-2.566772750029963,-0.3389316124699408,-1.1946975255482564,0.800305457939481,0.8145853381348577,-0.5057250414504004,1.4610944168483637,1.1017540343645025,-0.8181993455523909,0.14527382557567592,-0.3310694757016342,-0.028743694968637698,0.8980887821299508,0.8036647164063059,-0.515664616052277,-0.4781975029246757,-0.7302746519591432,-0.2848035085220468,0.016644968346437427,0.37383547256394484,-0.2812547215448693,0.21979242277997005,0.19239430586800046,-0.8518774203274797,-0.9806627183536117,-1.6013652032500214,0.03392162945046716,0.7889403560431582,0.813269933151438,-0.3674569593525626,0.9045433518513483,0.43067055570535345,0.457402167608657,0.07535991381820054,1.3000136147739698,0.07292383625384954,1.0731659726218101,1.8918874424606935,-0.4162132756239748,0.17103781861642997,-1.501492652620702,-0.6394618768571717,0.47064744998215924,1.7196331080874276,0.26937539954331396,0.6105748865189184,-0.15032694236600302,-0.36882858554152365,-0.7735744310808722,1.5456063450678341,0.24285330587017118,1.1044347860044528,2.396581256525913,-0.325558613603199,-0.11578758084877641,-1.6461464571402993,-1.2225195952785917,0.6404703223536479,2.1002472776940566,0.7275478066395625,1.0400211952085152,1.7638342073763942,1.0084391110021957,-0.42341457407956035,0.0,-0.11488553055737342,0.43671574960057863,1.7638342073763942,0.4962460755884733,1.256931135329467,1.7638342073763942,0.3310611051287419,-0.5775944503001089,0.0,0.285957387398383,0.39122420795787194,0.0,1.0946954555375432,-0.05080526961176474,0.0,0.036812869219054085,-0.3146669303972366,0.0,1.5631765595178106,-0.19720193425511634,0.0,0.855191132431189,-0.10657660024985711,0.0,0.5122248280008108,1.325064272438928,0.0,-0.8758341516813722,-0.793396799688325,0.0,-0.6210619141794831,1.0186414099241823,0.0,-1.5631029943765813,1.773621423761917,0.0,-0.47867841295815244,-0.8617760003165732,0.0,-0.5774838970385476,0.44887223725074304,0.0,-1.9140778597961698,-0.539947745829034,0.0,0.7602643839222054,0.057066415628287764,0.0,0.8600198194784725,0.371438115615383,0.0,-0.7126990237638439,-0.20778995862012992,0.0,0.9149081279295778
Erick,3,1,0.15424999436117187,-0.5218332024945121,-0.3528683348230255,1.425052924161331,-0.5423735443094563,0.8268067497734772,1.9551643873304088,-0.5471000811765304,-0.2554433570074164,-0.7154420965724647,0.5088253758066017,-1.0427568990457858,1.444938952431463,-0.5421463903963781,0.4576625618294915,0.6299392145995956,-0.5480313080634654,1.281144635681824,0.6350738107550582,-0.536599432538535,1.4183649495495925,1.011269889576509,-0.5519369519520001,1.2486269144128974,-0.6420536986698678,0.4567950904736171,-2.0939046701167303,0.9454270368930286,-0.5448555961074332,1.6559259303864253,-0.853811094987454,0.5036753153591301,1.1376231508129313,2.245590491398925,-0.5381715887040436,2.614481455547736,0.931332954014403,-0.4920756669812765,2.876347808957666,-2.2481582761501224,0.5416500576999419,-4.706337412558381,1.7628605286682848,-0.5369048334187074,4.077371905144646,-0.5686677842546474,-0.1899167700116268,-1.1747220006638923,1.5464412583859501,-0.5332509461933772,0.7407202224010829,0.6905026957927813,-0.5383512701820958,1.3426644784220052,-2.5495366204468883,0.5303682322413739,-0.5173182566913063,2.1101489835802045,-0.5462900879576444,0.9241833955876859,-0.01118115578738034,-0.2764015287262241,2.2383695888740873,1.1806771441381438,-0.5311704907664675,1.0285677130356414,3.3373305381579774,-0.5194420102577574,2.2425080148009675,-1.4993595700285818,0.5276826993160222,-0.2808360684301009,2.631247767067158,-0.5333808021932807,1.0321193086164904,0.662348432979511,-0.1978857723548905,0.0395862117839464,0.5587645203289469,-0.5421828343222987,0.34973641246188486,1.6689072140409622,-0.5523043370486485,0.9464160922135318,-0.8944069063691451,0.5244998773731383,-0.018855512354380155,1.4029349191112266,-0.5468728009102883,0.37828440104613503,0.7229638217889734,-0.566946709513841,1.1666988662482636,-0.5230960703231299,0.0,-0.35954358841631745,0.4062981834222337,-0.566946709513841,0.6757381074653477,0.4618250241441583,-0.566946709513841,1.3432447776322554,0.08592715469322475,0.0,-0.07989967545963278,1.0393629840357794,0.0,0.21217464834963742,1.5424341619444548,0.0,2.29774647157947,1.2652935946737829,0.0,1.7481941406313593,-0.3648077149660571,0.0,-0.5618950568576493,1.4176645241286667,0.0,1.5840263829476047,1.039356181035952,0.0,0.4872431849978959,-0.09024232890851472,0.0,0.3938323680665055,1.5762392773818594,0.0,1.385026629588815,1.0273042345824797,0.0,-0.5002963978039848,0.2611607449141977,0.0,1.2414296718340039,0.7874994578435665,0.0,-0.42847261463870606,-0.5238909141362286,0.0,-0.24986029177535618,0.4039298505027035,0.0,0.4716237726675307,0.009071530319244773,0.0,-0.03594826620684143,0.2504280608362011,0.0,0.3060336886801202
Erick,4,0,0.05132890462591917,2.6265229351126176,1.1889123219339304,0.11939755671938737,2.7750193873107527,0.8459393307253759,0.5415125851133172,1.7704571028195635,0.8070261617398858,0.6706755317575763,-2.224534985183673,-0.5411315243100226,-0.07549650361871484,2.0777993485475292,0.7174437987391572,-0.5766247588924541,2.117709046790653,-0.8266325448449612,0.5399775139686036,1.8822983501144137,0.870832526126674,0.9581224701306598,1.7702369385437215,1.0516058571444526,-0.1353882328557939,-2.0211740446426703,-0.6699791296189416,0.6913828982912593,1.9262566031837913,1.0122596222416023,-2.7106599061786474,-0.9025641417795759,-0.7977902447524982,0.9587306670687914,1.3436375281537811,-0.11236216567860109,1.0774094180860967,0.8768890889019144,-0.8152126611423692,0.1305855263959643,-0.6658769241738689,-0.20133853564973023,0.6503186432597629,0.8214870817852927,-0.43243009574715585,-0.602125629001501,-1.0283560315454796,-0.6897863371302868,-0.021479191693843932,0.9790941936493669,-0.2859185644953369,-0.1381171767929106,0.48390078200110276,-0.6097613410320267,-0.6849038804906322,-1.7234482274506857,0.3584595033691272,0.4063872442787545,1.0368007753952269,-0.51159074987321,0.9681874548029633,0.402511256006739,0.6234566634283943,0.18158600083500911,1.5784632943768349,0.9741288283497705,0.06454741254092769,1.8155555786607556,0.2864380016326033,0.3446038308763653,-1.1401461522402296,-1.4422658634879681,-0.1638678453189187,1.4906986287134736,1.0691889308582228,0.9004846291766134,0.11110092693535345,0.04581156220378231,0.21852739947912314,2.4297315285632846,0.30970913033246644,0.7670253954781412,2.180527710076901,0.09074614020600143,-0.14731035197353542,-2.158490067004918,-0.3385418479085155,0.4852633630662996,2.19708289176556,0.2712646198195264,0.9475881707294725,1.7638342073763942,0.1236253757470309,-0.44649559598924665,0.0,0.5968155598348324,0.43906242361316766,1.7638342073763942,0.1569256389804974,0.8373904868967518,1.7638342073763942,-1.0110388610884928,-0.20517380567431884,0.0,0.6771313831997232,0.42487287666374574,0.0,-0.39904733158696876,-0.34682210153339915,0.0,0.8680151414477038,-0.1722681540786154,0.0,0.6683215709143207,0.5266146657551737,0.0,-0.3858486218064941,-0.6004822373097832,0.0,0.719472345544941,1.3953904909502546,0.0,-1.29487768427798,-0.20898469922589805,0.0,-0.3697024183552156,1.187104910950664,0.0,-1.665960947324706,1.5150975681089145,0.0,-0.78983836391543,-0.49182409924834863,0.0,-0.39472555584691793,0.8420981612639017,0.0,2.6790123980686853,-0.5273168854275901,0.0,-0.5363855530837244,1.0878692412367577,0.0,1.0005544843226752,1.273148855776495,0.0,1.5848499935683538,-0.14587388418008387,0.0,-0.2667113448906427
Erick,5,0,-0.05646612551816712,-0.5218332024945121,-0.19783108975815183,0.7402508646568838,-0.5423735443094563,1.5932021336483781,0.03394889051046941,-0.5471000811765304,1.357493050102925,-0.645201854841868,0.5088253758066017,-1.2211749244867756,0.37154405694336806,-0.5421463903963781,1.3821866805674303,-0.7214302219027092,-0.5480313080634654,-0.20601885403842163,0.8735042969810856,-0.536599432538535,1.040454550425336,1.0377565215453584,-0.5519369519520001,1.0369463738829212,-0.27086820899107844,0.4567950904736171,-0.22521174111866704,0.8025274993873208,-0.5448555961074332,0.8458911719649893,-1.2642673010960201,0.5036753153591301,1.0701089297697182,2.200986378770487,-0.5381715887040436,0.4582491784219736,1.0520603329521776,-0.4920756669812765,0.8704308887762944,0.2857728771018117,0.5416500576999419,-0.33075230510810144,0.5545346377178489,-0.5369048334187074,0.7187922200514617,-1.3037944696899386,-0.1899167700116268,-1.4479258228106893,1.843206973563957,-0.5332509461933772,0.23765999475578983,0.5713844612617146,-0.5383512701820958,-0.28012465415304677,-2.2362733285217047,0.5303682322413739,-0.1259167591716469,1.8338761688042797,-0.5462900879576444,-0.01887467081191236,-1.2938757269228929,-0.2764015287262241,-1.403214951109005,1.9415909863973753,-0.5311704907664675,0.7396194181267028,2.9410076068196,-0.5194420102577574,1.7499383367708747,-2.408953999717667,0.5276826993160222,-0.2522542515817876,2.9439912089110765,-0.5333808021932807,0.8274767936912854,0.4061972749210165,-0.1978857723548905,0.27320478090181044,-0.06461007997537507,-0.5421828343222987,0.8635277530690795,-0.7917596120681877,-0.5523043370486485,-0.33425146120697247,-0.1942813315635927,0.5244998773731383,-0.6086408159070634,-0.291441628018941,-0.5468728009102883,0.295792523780918,0.789729988523455,-0.566946709513841,0.9009663356437156,0.07072563328667962,0.0,0.41706564854312944,0.48535488155825174,-0.566946709513841,0.7790261683817448,-0.050687996030153885,-0.566946709513841,0.7979374920268634,0.633279816214446,0.0,0.3026026655357616,0.06451652214048621,0.0,1.6328830200285327,0.2770409802444179,0.0,0.7673051085787664,0.9131718647906153,0.0,1.6365162785402911,-0.2805507302254892,0.0,0.3034089036529887,1.0378901701434207,0.0,0.9304590238616848,1.6262583409922733,0.0,-0.674025643382982,-0.47775034534865035,0.0,0.08849724558203098,1.4821911204355638,0.0,-0.8217146945808506,1.55278987107874,0.0,-0.7482318713065255,-0.2993366526717823,0.0,0.08842065681279818,-0.2004582322816672,0.0,0.5316145006258575,-0.05085074938176437,0.0,0.05199405692294462,0.7920132847927578,0.0,0.5435614687188973,-0.9730694058479867,0.0,-0.29836057035452207,1.1419631979435045,0.0,0.4943883402927298
Erick,6,0,-0.051091564264428964,2.900582316599534,-0.5124642541101965,0.5641150837749311,2.611602012047689,1.5332931907482263,0.2373675355022399,1.6714758691972236,1.1405011748984748,-0.004723366123708075,-2.293665151285964,-1.6837039606469564,0.13045336084404058,2.069902954047999,1.5322258612435047,0.001237503228038144,1.8538344532530915,0.5160779939537951,1.208109033785208,1.6456482544537687,1.5208357472180096,1.1915032995781552,1.5740127239699029,0.8419233721740871,-0.10739490855103594,-1.6019289211430223,-0.44412741629887903,0.8334442372728746,1.6499972631907298,0.7781606567092932,-1.1727970005372759,-0.16969720274743413,0.2225363094241787,2.1459202366888794,1.3021465778501342,0.5819130168570258,0.8540508754039412,1.2440996113034222,0.7699610700132454,0.17304209011186314,-0.6164589622575918,-0.6577858851815647,0.480141771447215,1.01714362118525,0.8078620381602918,-2.080769360683587,0.2230938665651498,-1.4591868115350632,1.7357522591556762,0.8533171661530932,0.25353047643618004,0.7084160116540377,1.0244443024464693,-0.1422440586334238,-2.1469032856491044,-1.5888515347833536,0.02131746266995289,1.8398654136725732,1.2932756712419384,-0.07300024109341659,0.08968783626969594,0.6843821537498992,-0.43409642517628055,1.856004968672122,2.7181243363690792,1.0547596377717967,2.5398902151935947,3.413327831352383,1.2956446404814455,-2.110801209636809,-1.6172862937175738,-0.718841847945551,2.5599412092834006,2.5234176532592696,0.9672841701828333,-0.5415767506792204,0.15413216341407004,-0.7699790134648486,-0.019889258100482345,2.3602637721644357,0.9479217156225201,-0.7366789411458504,2.0827895891347907,-0.06937821082992002,-0.10593048053785,-2.537609266803522,-0.5550189336566271,-0.31642762488090065,2.30470599421779,0.36055964092484905,0.6549150235500999,1.7638342073763942,0.810104086533188,-0.20668405251410457,0.0,0.02554020579425995,0.3626428402250253,1.7638342073763942,0.6754553674188771,-0.2877345058326095,1.7638342073763942,1.1586447014777292,0.6932721276109832,0.0,0.016909893053629253,0.1392173654412142,0.0,1.3875208708041609,1.5739046702051958,0.0,1.6748057217182353,1.2364123674863996,0.0,1.6572187759897572,-0.0950367263866087,0.0,-0.672715755517425,1.1619462999327017,0.0,1.5948735875672768,1.381010404190155,0.0,-0.7398314560147444,-0.7449923456837596,0.0,-0.013461619546869403,1.39065770268381,0.0,-0.6115943767589515,1.3144446655161082,0.0,-0.6965416670872451,-0.1485627943979109,0.0,0.17603955562362444,-0.010750491983008129,0.0,0.3160664271129146,0.25360217221055265,0.0,0.17479752896871412,1.1271840738910814,0.0,0.4687154976019015,-0.6836234831871258,0.0,-0.14918579403556853,1.1645589887856886,0.0,0.36670972473281627
Erick,7,0,0.3279702933645448,-0.5218332024945121,-0.24847385437524558,1.0131349303739705,-0.5423735443094563,1.4621659407583132,0.6342715711354616,-0.5471000811765304,0.7679799018778408,-0.41589113135653594,0.5088253758066017,-1.4229978283097384,0.5693807075857005,-0.5421463903963781,1.1948957476150612,-1.2174771492923806,-0.5480313080634654,-0.361566228386621,0.6310419894523728,-0.536599432538535,1.0983881344592492,0.933016177187886,-0.5519369519520001,1.0429860864582061,-0.12883547674269658,0.4567950904736171,-0.2557322567187429,0.6719676048640706,-0.5448555961074332,0.8610316040043536,-1.0129350294747175,0.5036753153591301,1.2344868892406322,2.1280791814151554,-0.5381715887040436,0.9634790280072056,1.780874671088519,-0.4920756669812765,1.487075770702869,0.05969505713118125,0.5416500576999419,-0.1527427121698075,1.1543384731979514,-0.5369048334187074,1.0337796597193443,-0.45930121024730497,-0.1899167700116268,-2.9102969286347213,1.5531597062115412,-0.5332509461933772,0.17569315748653733,0.9334605906225697,-0.5383512701820958,-0.4402649525990508,-3.2547502103051595,0.5303682322413739,-0.03354825940972412,2.719593805812655,-0.5462900879576444,-0.1519138820179078,-0.3146276960605077,-0.2764015287262241,-0.7567019263270898,2.2995087331019546,-0.5311704907664675,0.8191740239096653,2.7979833745079827,-0.5194420102577574,1.5014187445933356,-3.1020388721871193,0.5276826993160222,-0.4874920663526116,3.2665706245740407,-0.5333808021932807,0.8906232303291339,1.1803387899094517,-0.1978857723548905,0.8444626995235418,-0.24923495806841914,-0.5421828343222987,0.6268265251571032,-0.5385576059459024,-0.5523043370486485,-0.3735158985642199,-0.033616074643881645,0.5244998773731383,-0.6020369413784655,-0.2578340848056268,-0.5468728009102883,0.2760357820847643,0.6232275950584624,-0.566946709513841,0.5579458669381165,0.24965391605143614,0.0,0.48398416588148546,0.47865488229562037,-0.566946709513841,0.7539247198312142,-0.06963221719665985,-0.566946709513841,0.6172705479941345,0.6418422149385132,0.0,0.37433579518274235,-0.5871777484478503,0.0,1.907797649067662,0.010352977936364664,0.0,0.472078187834334,-0.5557814642506744,0.0,1.5424812247293576,-0.43727882845315735,0.0,1.3872747174224345,-0.11223141799565339,0.0,0.1435414346421461,1.172834142606752,0.0,-1.065383735003126,-0.349905788699407,0.0,0.130078515048919,1.7215424517770492,0.0,-0.9745404333260085,1.1836412604067912,0.0,-0.8714033049000098,0.227996550226699,0.0,0.09224512423169223,-0.5177679758376577,0.0,0.1252595772996331,0.6820958620991961,0.0,0.5230134235719142,0.4404761509357355,0.0,0.2837548870283132,-0.8600044541816143,0.0,-0.8711976899929285,0.8445543906369283,0.0,0.6525926510612586
Erick,8,0,0.4851308228440738,-0.5218332024945121,-0.4008862065845187,-0.39068193633774895,-0.5423735443094563,1.0614054600322507,-0.8285860190046178,-0.5471000811765304,0.7924657136717179,0.8569012717051633,0.5088253758066017,-0.6217870208081605,-0.9155143681233547,-0.5421463903963781,0.7554982096429325,-0.3446716561919357,-0.5480313080634654,-1.2198202855668832,1.0818439148798364,-0.536599432538535,1.4383501689611164,0.49082593806579305,-0.5519369519520001,0.9588588630404989,0.3467570285456421,0.4567950904736171,-0.1162370830457801,0.17437170244260988,-0.5448555961074332,0.7500159275916367,0.11380369970175234,0.5036753153591301,-2.3772373803932387,1.3726901033675134,-0.5381715887040436,0.03603487390582912,1.0123903481260255,-0.4920756669812765,-0.832316093142349,0.4857319498159263,0.5416500576999419,-0.4545329575676894,0.4264551138724015,-0.5369048334187074,-0.3242223519163472,0.04891288139899702,-0.1899167700116268,-0.727023710761423,0.9033604377596253,-0.5332509461933772,-0.23615639557495763,0.6194368208384592,-0.5383512701820958,-0.4106883171809827,0.2293078100080224,0.5303682322413739,0.5258292181920824,0.14818866215552792,-0.5462900879576444,-0.5561107230092189,3.2061361091973377,-0.2764015287262241,0.7777754547270505,-0.46832642070524905,-0.5311704907664675,1.4996130600891784,-0.48443745838024926,-0.5194420102577574,0.2896725755232924,0.5994625658343754,0.5276826993160222,-1.3333101571165138,-0.6014266384490703,-0.5333808021932807,0.9977892060585486,-0.34452385861243373,-0.1978857723548905,-0.9708430536255396,0.8903738157736382,-0.5421828343222987,0.46939356792438897,0.31182210893444456,-0.5523043370486485,0.09995917610664608,-0.7294703307643754,0.5244998773731383,-0.31160585524199724,0.602244914545102,-0.5468728009102883,0.2560214366078027,1.0144289306747951,-0.566946709513841,0.46755372279916246,-0.9928098541622236,0.0,-0.06073393255877691,0.3856670707979543,-0.566946709513841,0.27272262408066905,1.579797971453692,-0.566946709513841,0.6542348398321166,-0.9239196452445625,0.0,-0.09120067905686545,-0.4525303019322748,0.0,-2.239994391728538,-0.9364748842525703,0.0,-0.47963731300739854,-1.3253409117319488,0.0,-1.6953288518815193,-0.2543192944604791,0.0,-1.1532251981089447,-0.9412143864289848,0.0,-0.4051915463231103,1.0623386888390447,0.0,-1.0420243446095687,-1.0271677284718237,0.0,-0.44452702451495757,0.009389752516673537,0.0,-1.3000638564824847,1.332587542902528,0.0,-0.6924900513211917,-1.2302704395766357,0.0,-0.24794003098561468,-0.6991421483833934,0.0,0.8545714862923961,-0.8341084260330399,0.0,0.09836561026403404,-1.282622825817014,0.0,0.9063848368344729,0.24870897073623435,0.0,0.7539656162251894,-0.9775091027236201,0.0,0.13430330820405983
Erick,9,0,0.8218989345725027,-0.5218332024945121,-0.4417422080353998,1.2674107672156643,-0.5423735443094563,1.404628431483511,-0.5046151751767226,-0.5471000811765304,0.400152601710771,0.08678680804159077,0.5088253758066017,-1.2862056803925854,-0.31934747085951126,-0.5421463903963781,0.9298542228148657,2.5608081345544096,-0.5480313080634654,4.7390213062176745,0.5972393015655072,-0.536599432538535,1.4104304695582675,0.5790410554567649,-0.5519369519520001,0.9834774187500509,0.42897229760632694,0.4567950904736171,0.12234608116794098,0.1971149334646109,-0.5448555961074332,0.6848027696137088,2.466815697650431,0.5036753153591301,-0.3121963247980432,0.03453942121474771,-0.5381715887040436,0.27947933705352485,0.03401669696884762,-0.4920756669812765,-0.194590104341906,-0.2002747797818414,0.5416500576999419,-0.2565750119774818,0.12447932403661427,-0.5369048334187074,-0.004996722123193614,1.5191692343331675,-0.1899167700116268,-3.7135091919382988,-0.40208895037059195,-0.5332509461933772,0.41529571726123865,0.2378018383555176,-0.5383512701820958,-0.3156190285529488,0.6702938787344623,0.5303682322413739,0.036695571443202055,-0.34682356649419105,-0.5462900879576444,-0.15408888456334607,1.8722307217606005,-0.2764015287262241,-0.617244219368676,1.0694474426216884,-0.5311704907664675,1.8906574273914316,1.7735896920024918,-0.5194420102577574,1.4016931651401567,0.04939300316179976,0.5276826993160222,-0.8887472687341709,0.9119196862782095,-0.5333808021932807,1.120482824717078,-4.006736850368226,-0.1978857723548905,-5.347300412313077,1.244290000539397,-0.5421828343222987,0.7528284224561843,-0.2056829528343906,-0.5523043370486485,0.19926102001991236,-0.7082280382587238,0.5244998773731383,-0.46965284848559297,0.32210576763312093,-0.5468728009102883,0.4046266503729678,0.33938947158192184,-0.566946709513841,-0.0972290186347597,-0.15589875881300083,0.0,-0.019063275536672503,0.25584379093040993,-0.566946709513841,-0.030136355783675548,-0.09481973165941293,-0.566946709513841,-0.20198776035180124,0.3938091789939171,0.0,0.07827703457841562,0.223662214214075,0.0,-0.6086457332483766,2.2570798602439672,0.0,1.3923295199747572,1.5918973351444323,0.0,0.8964756615161987,-0.34982360222383213,0.0,-0.8420189047822094,1.6903490006296435,0.0,1.181166989838076,-0.29834665448476183,0.0,-1.3348838493022939,0.07881512893410537,0.0,0.6889735601321029,-0.8253838271294676,0.0,-0.32563726489783323,-0.6280723834905086,0.0,-0.9432373580483496,-0.05305186944063292,0.0,0.5455485275071674,1.2258100156748966,0.0,-1.4703608602492857,-0.4777344877790126,0.0,1.677258310642221,1.0707190533177913,0.0,0.6337251085632699,1.2484250016101572,0.0,-1.2932494325004995,-0.1405176259274947,0.0,1.0977027988943613
Erick,10,0,1.0636993020786691,-0.5218332024945121,0.9638533100135572,0.012055085116871023,-0.5423735443094563,0.3562091043023455,0.0774815287416077,-0.5471000811765304,-0.21091171403593373,-0.8042482501709157,0.5088253758066017,-0.3585275835497878,0.48207451688686964,-0.5421463903963781,0.09448525897620505,-1.256344589996516,-0.5480313080634654,-0.5887995077268491,0.06347440018615928,-0.536599432538535,0.5205991149583494,0.537855665912986,-0.5519369519520001,1.1145885759177592,-0.3286236134751327,0.4567950904736171,-0.6064215652316425,0.4972793181813145,-0.5448555961074332,1.0366303270792279,0.8615644405762842,0.5036753153591301,-0.9130186386027305,0.08739102679312029,-0.5381715887040436,0.4490683943168535,0.10083039560413629,-0.4920756669812765,1.02452508632413,-0.24616807145020939,0.5416500576999419,-0.7125039571066502,0.19226516065163918,-0.5369048334187074,0.9982875348418434,-0.5711845628685616,-0.1899167700116268,-1.1942257795005942,-1.0692837930787917,-0.5332509461933772,0.036995018641452805,-0.22632758442764897,-0.5383512701820958,0.5398110036304291,0.920345539502075,0.5303682322413739,-0.20602991334821272,-0.7503600895493308,-0.5462900879576444,0.3701086937996225,0.3456793699459139,-0.2764015287262241,-0.04739698664513012,0.7925492167008408,-0.5311704907664675,1.127096786141605,1.9951943111488033,-0.5194420102577574,2.3676718651255326,-2.112737552599626,0.5276826993160222,-1.1751522307721376,2.272270301431702,-0.5333808021932807,1.6753366693809542,0.6922503690638833,-0.1978857723548905,0.8850562914005236,-0.42239250076345686,-0.5421828343222987,0.44653996312470373,-0.1153911896405317,-0.5523043370486485,0.1257295005680138,-0.6378212103336864,0.5244998773731383,-1.1529907299642879,0.32615898746349803,-0.5468728009102883,0.8531326435372244,0.26110661718621375,-0.566946709513841,0.6895194749510763,-0.4905674028071311,0.0,-0.21788704334769202,0.41182109841345915,-0.566946709513841,0.7721169001331059,0.3758603973984924,-0.566946709513841,0.9960619176019897,0.1683517382544919,0.0,0.19201397940323847,2.007004578958484,0.0,1.5365940605814001,-0.5210332890293498,0.0,0.16485350425453682,1.736425036692194,0.0,1.6000130683182607,2.359652149469182,0.0,0.27240945751178613,-0.4981006938982826,0.0,0.9258428126110448,-0.1091517047076315,0.0,-1.0120566759796608,-0.6432082237279395,0.0,-0.11070991670260454,-1.0750634655269935,0.0,-0.9182034064053654,-0.9317822516565722,0.0,-0.8053212830940817,0.03650349805117077,0.0,0.07451356961270961,-2.39875419376301,0.0,-1.4514042010237185,1.910807490576925,0.0,1.3005320167610988,0.025695164268872573,0.0,0.4630051742947551,-2.1081798877454765,0.0,-1.176101286888536,1.4012534234794525,0.0,0.9295017660422756
Erick,11,0,0.8568609158984041,-0.5218332024945121,-0.49822929176548186,0.2877558837420943,-0.5423735443094563,0.7068783360995865,-0.055172633195964105,-0.5471000811765304,0.3723700661896102,0.5565229764749188,0.5088253758066017,-0.36557595267672105,-0.33442424552239197,-0.5421463903963781,0.39640234146001474,-0.5759854867399923,-0.5480313080634654,0.26316115979338955,0.9438887801984063,-0.536599432538535,1.4922848995886155,0.47545358645397906,-0.5519369519520001,0.976135767761961,-0.3939591950032752,0.4567950904736171,-0.6791799268622731,0.4842926896211914,-0.5448555961074332,0.9596435605292216,0.1057202082678072,0.5036753153591301,-0.7321889026467582,0.8143513465872273,-0.5381715887040436,-0.032753940233515966,-0.009998135191468773,-0.4920756669812765,-0.5793094046674789,-0.7430737430792519,0.5416500576999419,-0.5904405428819528,0.37124112631797446,-0.5369048334187074,-0.09655888107016988,0.9978018106456928,-0.1899167700116268,-1.372289533971574,0.3337403737217373,-0.5332509461933772,-0.18233491515966685,0.4409633227183177,-0.5383512701820958,-0.5612543567896701,0.23541831782314407,0.5303682322413739,0.32814884224374263,0.05544660831946021,-0.5462900879576444,-0.469558197638809,0.9084291892254929,-0.2764015287262241,0.5093809247920392,0.7754163947239112,-0.5311704907664675,1.2281649534038663,0.8743074380466451,-0.5194420102577574,1.2326312622143,-0.5561044026260177,0.5276826993160222,-0.6056830365460272,0.7832021800163178,-0.5333808021932807,0.8681218606958194,-1.5380312143155146,-0.1978857723548905,-1.300605722435692,1.178865061155803,-0.5421828343222987,0.849781219456274,0.44354872533796785,-0.5523043370486485,0.5131010079399934,-0.47443101947381716,0.5244998773731383,-0.7450017399723435,0.5160322790336295,-0.5468728009102883,0.7178606851812476,0.8278491086484387,-0.566946709513841,0.6596657593258045,-0.7968202772308106,0.0,0.1413616991424753,0.34315030549273134,-0.566946709513841,0.6596447586536671,1.3280341399393452,-0.566946709513841,0.7827352426601303,-0.7537035876995073,0.0,0.1999240983441626,1.7604170391692162,0.0,1.8646882585475413,0.2136771258573244,0.0,0.5608489696886734,1.5355805554793047,0.0,1.2635865793195005,0.688803648476352,0.0,0.3641623799757266,0.7537935112963386,0.0,0.6319176678263326,0.15060225320434914,0.0,-0.062410584500929615,0.40434170750584164,0.0,1.322464711723253,-0.510179302454361,0.0,0.49051031201306156,-0.6127328423799788,0.0,-0.9045818205257042,0.17570328893727769,0.0,1.013850712536517,0.37340678016405215,0.0,0.4311919112104267,-0.3262636906195138,0.0,0.883079277831925,0.3565756183274335,0.0,1.3003806925000676,0.4754585185447608,0.0,-0.3255301586858207,-0.08601664001521109,0.0,0.9686560329130364
Erick,12,0,1.0520562948654741,-0.5218332024945121,0.8013549991343643,-0.45520428801742746,-0.5423735443094563,0.5965539385171104,-0.6462354086292329,-0.5471000811765304,0.49327353451481215,0.6515684774061496,0.5088253758066017,-0.5666452542953158,-0.7048618183515513,-0.5421463903963781,0.5715687167538485,-0.9622606403624981,-0.5480313080634654,-0.8459865342343337,0.3101794682687492,-0.536599432538535,0.7919475302399813,0.7123757899748462,-0.5519369519520001,1.1349480636171818,-0.46898375290618566,0.4567950904736171,-0.36750714174997096,0.6732088902647552,-0.5448555961074332,0.9681504463574817,0.4814268853906348,0.5036753153591301,-0.7727760689664404,0.6697372472096446,-0.5381715887040436,-0.16659130317967896,1.184311329510396,-0.4920756669812765,-0.7414808652710589,-0.5191382120923922,0.5416500576999419,0.2096169786689925,1.0518521316076297,-0.5369048334187074,-0.5783262277937132,-0.7276771135191519,-0.1899167700116268,-1.0440898726485686,-0.07439323565192138,-0.5332509461933772,-0.4588894505902285,1.1293738781812042,-0.5383512701820958,-0.7662794052476685,-0.28025297510158714,0.5303682322413739,0.5577985552366309,0.7543725614337105,-0.5462900879576444,-0.7227421176754056,0.8090786303727473,-0.2764015287262241,0.020814875901128217,0.020884548569016313,-0.5311704907664675,0.3504976211726387,0.6387802054127899,-0.5194420102577574,0.2901703535629356,0.39351495874041964,0.5276826993160222,-0.7838424856797109,0.11246017187325556,-0.5333808021932807,0.6317591532666539,0.47620237664927484,-0.1978857723548905,0.387834927897478,-0.4502179588558997,-0.5421828343222987,0.3373018706235468,0.006616182216926999,-0.5523043370486485,0.3738992031853528,-0.21128310094442462,0.5244998773731383,-0.9881837888000754,0.13120271763238536,-0.5468728009102883,0.8338639248939804,1.0986843933014856,-0.566946709513841,1.0317439976124132,-0.9932687679210809,0.0,-0.17677863129741092,0.43500725514184363,-0.566946709513841,0.7444240085112355,1.8710662169026495,-0.566946709513841,1.122436494542133,-1.1206599574563665,0.0,0.09988736978667652,1.1307161279980134,0.0,1.7886696033200056,-0.55365250280136,0.0,0.5510334704966716,1.0371021292654354,0.0,1.819323650338505,1.6764783470318436,0.0,1.4297033844730833,-0.5257272923862946,0.0,0.30686896286356424,1.104335295437707,0.0,-0.2915425936342802,0.08171312537820384,0.0,-0.16658056114782635,0.7110906758547836,0.0,-0.6288196712870101,0.9859029958091087,0.0,-0.12086007534672244,-0.36735990647555306,0.0,-0.2889198041739882,-0.4476289448294057,0.0,-0.8323205485834881,-0.5945105170459271,0.0,0.9517244446276083,-0.466146754441115,0.0,0.7500473032696585,0.4553520250807012,0.0,-0.8153294119190597,-0.5950167318741992,0.0,0.9047618409788586
Erick,13,1,1.0407282545367806,-0.5218332024945121,0.42518070199882285,1.437456802730358,-0.5423735443094563,1.9427539470176958,-0.2248670558561944,-0.5471000811765304,1.301564625608705,-0.9845953080735355,0.5088253758066017,-1.8253291154481988,0.4179449808496049,-0.5421463903963781,1.694377908661058,0.7266740175801832,-0.5480313080634654,1.563555140211203,0.8702121632157643,-0.536599432538535,1.0058771374711195,0.435432038200463,-0.5519369519520001,0.7159064828359892,-0.17359117931965753,0.4567950904736171,-0.46282739041332005,0.36263233639249065,-0.5448555961074332,0.6914713038368677,1.1886017120788581,0.5036753153591301,-0.19652685757513155,0.7423594391171262,-0.5381715887040436,0.305494549337807,-0.28776416299772134,-0.4920756669812765,-0.06936720321121605,-0.9937637197310982,0.5416500576999419,-0.7535378872424773,0.31395108834309243,-0.5369048334187074,0.31009642715445723,-0.49080465344757973,-0.1899167700116268,-2.107815322675078,-0.2973273232165117,-0.5332509461933772,0.05155806531271637,0.39773812124244784,-0.5383512701820958,-0.21590944393889608,0.7619077018183246,0.5303682322413739,0.15796763665184846,-0.331031555472683,-0.5462900879576444,-0.20423762909729787,-0.5929210654562393,-0.2764015287262241,-1.5028610189943536,0.8992801819106135,-0.5311704907664675,1.1070864062965315,1.2398729106291106,-0.5194420102577574,1.1114704689167043,-0.4486723667804641,0.5276826993160222,-0.8757542451815009,0.9152603859698825,-0.5333808021932807,1.0024714756103315,-2.124824288370729,-0.1978857723548905,-1.9831083064485957,0.49062105825672064,-0.5421828343222987,0.646672709875621,0.12179054708881501,-0.5523043370486485,0.4143460957292055,-0.6935605589299192,0.5244998773731383,-0.6989017184274933,0.48237502872686006,-0.5468728009102883,0.6475898179507215,0.5040232347012343,-0.566946709513841,0.9876318302620818,-0.08405886463645384,0.0,-0.6091823072810145,0.4285731086483489,-0.566946709513841,0.6261818051665833,0.26828140712332293,-0.566946709513841,2.0007159869669566,0.28343490111720093,0.0,-0.4715711761554874,1.1820213597893012,0.0,0.3060735181324398,-0.6376795630649588,0.0,0.9536826668709264,1.0144187232441926,0.0,0.6825032874567507,1.7431595235999262,0.0,0.04075357861535576,-0.6025225831148291,0.0,0.44517445811200373,-0.9722707876635401,0.0,-0.38282808082965764,1.1658608586108439,0.0,1.310845045701183,-0.29257911054415864,0.0,1.1855283147445332,-0.8422324104905313,0.0,-0.38360202481051064,0.5565826350313159,0.0,1.027383348845067,-0.5610764783726803,0.0,-0.2979969414953062,0.9928700024402923,0.0,0.7119949872162725,1.9515536097605268,0.0,1.1586325955861967,-0.8287067566311087,0.0,-0.2850277366338478,1.7831240540514097,0.0,0.8603006132436424
Ian,1,0,-0.2700467133620964,-0.5218332024945121,-1.6750687963546675,-0.33995306809852477,-0.5423735443094563,0.3444220148725252,-1.1126479928451787,-0.5471000811765304,0.04579201760689013,0.07586500313031147,0.5088253758066017,-1.586181717317381,-0.6409081785780982,-0.5421463903963781,0.9180408018048368,0.27000455659751227,-0.5480313080634654,-0.2894478526519952,0.10448549901069237,-0.536599432538535,0.16481600092635204,-0.2259102397935149,-0.5519369519520001,-0.5325859776779851,-0.4522278811465763,0.4567950904736171,-1.414460818609133,0.0461916794563469,-0.5448555961074332,0.10058802859805116,-0.3104008429503433,0.5036753153591301,-0.48817214306572465,-0.4150927640433447,-0.5381715887040436,0.4072464529021929,-0.06799743756375437,-0.4920756669812765,0.11786375380839517,-0.5467140818923554,0.5416500576999419,-0.20170987508112656,0.23279882671071112,-0.5369048334187074,0.171251038471471,0.6084688816604631,-0.1899167700116268,0.48495081836801246,2.076989805123807,-0.5332509461933772,-0.19586901492132094,1.2308218838593068,-0.5383512701820958,0.9271586755142992,-1.652011632759478,0.5303682322413739,0.6614081701554906,1.7557930479854342,-0.5462900879576444,-0.11950360750700514,0.6690824309505019,-0.2764015287262241,1.5355355409423157,-0.1951399911800099,-0.5311704907664675,1.2938316567246786,0.7296301671093338,-0.5194420102577574,1.8312814924335024,0.5027896942087218,0.5276826993160222,-1.9202015301921247,0.09781192595581904,-0.5333808021932807,1.9698046592029497,0.5037593929582731,-0.1978857723548905,-0.12547047737316872,-0.29917843814304484,-0.5421828343222987,0.19163932150596585,-1.0899526512348632,-0.5523043370486485,-0.6789372843337442,0.35533132155379143,0.5244998773731383,0.05731757044828273,-0.7778679740820236,-0.5468728009102883,-0.3019326251789081,0.2688559293147829,-0.566946709513841,0.6114733905399072,2.2495052423169715,0.0,1.9526242377986978,0.4871656782004722,-0.566946709513841,0.7837055022135972,-1.8379733760118822,-0.566946709513841,-1.3721330608620332,2.209901094372046,0.0,1.4480691066146518,-0.4687993351945583,0.0,-0.4061132916871645,2.0815210329057656,0.0,-0.15998477569445813,0.5811329929160228,0.0,-0.16436028718493825,-1.2517908089285443,0.0,-0.9010491322077067,1.577411427940059,0.0,0.4863452873788851,0.6878151145896633,0.0,-0.8414280241647771,-0.4583104066466763,0.0,1.33329707907724,1.747658182982256,0.0,-0.054078400605886,0.33378682903610585,0.0,-1.1119597855267966,1.037348415966555,0.0,0.8447069897046905,0.12645807425711986,0.0,0.200122582593414,-0.71581847667229,0.0,-0.7281053631324031,0.5448326230209665,0.0,-0.07080977759918013,0.6853141891414766,0.0,0.7446291429246589,-0.1043859607022841,0.0,-0.4535721430134442
Ian,2,0,-0.7750539406608921,-0.5218332024945121,0.5100051121517388,-0.41307568505317255,-0.5423735443094563,0.3144664317456605,-0.9366023108814595,-0.5471000811765304,0.191368675863044,0.001839133224894767,0.5088253758066017,-1.382686980334472,-0.5055442236784465,-0.5421463903963781,0.8776250453739345,-1.1999043944181529,-0.5480313080634654,-0.7064476773058408,-0.03858249581031992,-0.536599432538535,0.262655600344902,-0.06541638403805784,-0.5519369519520001,-0.04676554996037102,-0.9786282457401694,0.4567950904736171,-1.4103025546938281,0.37967033814804435,-0.5448555961074332,0.45854756643470956,-0.21445379122128955,0.5036753153591301,0.16319667943165456,-0.5967646216465531,-0.5381715887040436,0.08394251828875782,-0.19858945012046827,-0.4920756669812765,0.12031230350446054,-0.9011528343618628,0.5416500576999419,-0.6640990086199717,0.32617552518639503,-0.5369048334187074,0.3906483860132538,2.1035741921476148,-0.1899167700116268,1.2024571719842414,0.11594833532299001,-0.5332509461933772,-0.45622272599249086,-0.1076169833664122,-0.5383512701820958,0.7659121182302467,-0.3602787451380408,0.5303682322413739,0.575236054604163,0.1964327060787314,-0.5462900879576444,-0.12018435037677752,-0.7510810242312862,-0.2764015287262241,1.893266457210878,-0.7021988325253516,-0.5311704907664675,0.940550403473451,0.9514564221057535,-0.5194420102577574,0.275541166194322,0.7803385901068043,0.5276826993160222,-1.7392883792606184,0.05587465214500294,-0.5333808021932807,1.263047270697008,1.604275775057179,-0.1978857723548905,1.5388403272847964,-1.0464321402401477,-0.5421828343222987,-0.41832900647691446,-0.9952759641106166,-0.5523043370486485,-0.20521247405062895,0.561978238998842,0.5244998773731383,0.1850234814803427,-0.8539488707618222,-0.5468728009102883,-0.20829119244267078,-0.7227209831801709,-0.566946709513841,-0.22873645127372733,1.9056197680564646,0.0,1.6308614132099812,0.4820401948242669,-0.566946709513841,0.7882452546340758,-0.72143957002049,-0.566946709513841,-1.0485398614099644,1.2201269526560794,0.0,1.282116672651334,-1.9448936417490623,0.0,-1.7608633858579172,0.6001490648877664,0.0,0.3751136808862801,-0.6130466349415358,0.0,-0.6917521840336307,-1.2976142801661,0.0,-1.4907127605505188,0.5727218236909648,0.0,0.5140810107823587,-0.14331956507373633,0.0,-1.4991342989397576,-1.1305128192324885,0.0,0.3403087491334257,-0.9584227096802762,0.0,-0.5588029476977621,0.6005341903908397,0.0,-0.9645233382861853,-1.296562573962855,0.0,0.41984419069461126,-0.3715904680150099,0.0,0.18071139529691368,-0.7142004774229768,0.0,-0.4285764313448217,-1.1857179164018752,0.0,-0.12205411605443167,0.22504540395879144,0.0,0.5684227931929448,-0.9004548847975695,0.0,-0.3875074955794649
Ian,3,0,-1.2059288481174006,-0.5218332024945121,1.0364831398187406,-0.05215940699414312,-0.5423735443094563,0.5711776712498535,-0.13850894258488697,-0.5471000811765304,0.28492888335914124,0.1487926619105686,0.5088253758066017,-1.542771614919639,-0.1560790929328521,-0.5421463903963781,1.0157079431922598,-1.7600849757061703,-0.5480313080634654,-1.5978195146389427,0.41733317269278664,-0.536599432538535,0.24300430158612746,-0.11784987236686835,-0.5519369519520001,-0.6776456583331023,-0.781588714276245,0.4567950904736171,-1.6694295617910484,0.2598919878293382,-0.5448555961074332,0.08242754367930444,0.6438701948785466,0.5036753153591301,0.659371746465013,-0.020061651873998786,-0.5381715887040436,0.4574232317712925,0.0031892049711952602,-0.4920756669812765,0.17068688272186547,-0.9414481039266938,0.5416500576999419,-0.7344408132463803,0.4808976119772477,-0.5369048334187074,0.45636555761272457,1.3925979451780748,-0.1899167700116268,0.6672840263741883,0.6741997785106894,-0.5332509461933772,0.08127406433497425,0.7952164698653422,-0.5383512701820958,1.6472703561069852,-0.5912896728499986,0.5303682322413739,0.5058262331549662,0.8043213818431345,-0.5462900879576444,0.285512942397294,-0.8503070512451378,-0.2764015287262241,0.24226664771455658,-0.9889750378748298,-0.5311704907664675,2.0839294512943543,-0.4082208650179302,-0.5194420102577574,1.670848074076225,0.9945926212846086,0.5276826993160222,-2.348570941798042,-0.7881518614461086,-0.5333808021932807,2.1948619425577185,1.6478483938105202,-0.1978857723548905,1.3901988082577021,-1.1051910049897042,-0.5421828343222987,0.04062783661029039,-0.8943726606601334,-0.5523043370486485,-0.22468732470688332,0.7870768286415925,0.5244998773731383,-0.06094761130380472,-0.9379734132781143,-0.5468728009102883,-0.04415111308289842,-1.2815173744847752,-0.566946709513841,-1.0622795799703428,0.5710647020093027,0.0,0.7964389816207349,-0.28370036141703125,-0.566946709513841,0.3026243816653209,-1.2599938609873151,-0.566946709513841,-1.6544102725354801,0.765866389343149,0.0,1.1505174652451822,-2.4065136004397694,0.0,-3.2717085617996395,-0.9706352258117875,0.0,-0.45126668095049716,-2.2800121855599724,0.0,-2.4200317458440574,-1.2765877350743016,0.0,-1.8137087618378491,-0.9023439925209389,0.0,-0.46683659721410986,0.3769363024328469,0.0,-0.9041247370432814,-0.008903586907343199,0.0,-0.1400953519942892,0.5337925076214113,0.0,0.3982393349294959,0.4906536595310299,0.0,-0.3951531402482636,-0.04413018663167192,0.0,0.5553233789141747,-0.5291366336854478,0.0,0.7412454952128346,-1.0547729453949817,0.0,-0.5424258848459141,-1.4796041141307608,0.0,-0.20196457398942824,0.41898268988914616,0.0,0.5499574359538513,-1.214398880417334,0.0,-0.4258201449070887
Ian,4,0,-1.3964100476098764,-0.5218332024945121,1.1821026670883747,-0.090358520281417,-0.5423735443094563,0.7912957551192411,-1.3412147876212914,-0.5471000811765304,0.43332717327083164,0.0766794104889058,0.5088253758066017,-1.5865133517339398,-0.7644804737159325,-0.5421463903963781,1.116181657365333,-1.7495203903544418,-0.5480313080634654,-1.7343879020748414,0.8793032117605689,-0.536599432538535,0.24732043727921305,-0.05268097422589794,-0.5519369519520001,-0.6869928810319322,-0.796315033784455,0.4567950904736171,-1.577238392291032,0.30930221379258016,-0.5448555961074332,0.04327561343154912,0.6576604927315012,0.5036753153591301,1.3960450325298477,0.219240791395966,-0.5381715887040436,0.7795231237168332,-0.06168747529466895,-0.4920756669812765,0.4156800219243808,-1.1311779987315376,0.5416500576999419,-0.4247426057621093,0.5342271696675781,-0.5369048334187074,0.4689382676113137,1.7545102507010548,-0.1899167700116268,1.067131948773861,0.8005404245661759,-0.5332509461933772,0.2747549212590346,0.6061383352671033,-0.5383512701820958,1.76271132396115,-0.4105071706094007,0.5303682322413739,0.29217883332423694,0.5852112127614043,-0.5462900879576444,0.49080528395232,-0.7848812695590317,-0.2764015287262241,0.8555895525946552,-0.4672874646825379,-0.5311704907664675,2.3385534211599004,0.12347375484987742,-0.5194420102577574,2.5850326152879326,1.0408674895866266,0.5276826993160222,-2.368895060559194,-0.5328611008334179,-0.5333808021932807,2.5528588993603702,1.500950517218104,-0.1978857723548905,1.1366248861995683,-0.8238119426079977,-0.5421828343222987,-0.03820897437952944,-0.8910104865606236,-0.5523043370486485,-0.13075198008437294,0.5985671275013279,0.5244998773731383,0.02368346116714365,-0.8222248997301758,-0.5468728009102883,-0.06697166101720259,-1.2840117354536442,-0.566946709513841,-1.026951848770444,0.5688060127421807,0.0,0.40304319468095634,-0.31116017247811373,-0.566946709513841,0.04219173973037251,-1.001488622702193,-0.566946709513841,-1.4006485144532062,0.5048456263317651,0.0,0.7756428866059881,-2.3496286630001206,0.0,-2.8744487002133394,-0.9690998832863937,0.0,-0.5325913105601028,-2.382166935300007,0.0,-2.2074648678772744,-1.2618580877296723,0.0,-1.6513426853145838,-1.0042218840496526,0.0,-0.4278668958823881,0.2793076529009017,0.0,-1.4250893925200718,0.39291475588931546,0.0,-0.43480950583153605,0.8417525796283486,0.0,-0.562563937548381,0.4719624574983842,0.0,-0.6171878221685642,0.21064271140212096,0.0,0.14336582185270572,-0.4005900210626887,0.0,1.066432430291232,-0.7691251743988691,0.0,-0.43399473426138674,-0.5491229256640767,0.0,-0.05186859756460527,0.41259910713399606,0.0,0.2218581146787877,-0.619598399127502,0.0,-0.15381322771711525
Ian,5,1,-1.4909640092444454,-0.5218332024945121,1.3864783208862503,-0.36629294693520004,-0.5423735443094563,0.7631083823846764,-0.7087193607372432,-0.5471000811765304,0.48459210583686485,0.19637542444000528,0.5088253758066017,-1.5669374758370942,-0.4892972833512683,-0.5421463903963781,1.1313265642602315,-1.8961410014279496,-0.5480313080634654,-1.593705810036311,0.5297790360169655,-0.536599432538535,0.25299780647614,-0.24181732702097142,-0.5519369519520001,-0.7914755829441795,-0.6722789330029478,0.4567950904736171,-1.518655838324951,0.1307718903303393,-0.5448555961074332,-0.054506219430365814,0.1135033795285172,0.5036753153591301,1.0127409337051854,0.012532416754452347,-0.5381715887040436,0.9005783431934293,0.0530042926600576,-0.4920756669812765,0.29411169944370247,-0.6514817138645262,0.5416500576999419,-0.3938881934368098,0.36657303818836784,-0.5369048334187074,0.3757745478581047,0.7953765086841135,-0.1899167700116268,0.6575649570220051,0.3663204172701068,-0.5332509461933772,0.09623273410427871,-0.17302685886105698,-0.5383512701820958,1.438462375698868,-0.5909729337065655,0.5303682322413739,0.7342865179012957,0.32394821889861214,-0.5462900879576444,0.03169402875837373,-0.6054679737554676,-0.2764015287262241,0.3744625083703185,-0.7402305804056527,-0.5311704907664675,2.5342838958464338,-0.050147947779785054,-0.5194420102577574,2.3606534822937713,0.6779148281469575,0.5276826993160222,-2.6027926806513952,-0.41627419113461694,-0.5333808021932807,2.6242078656267185,1.2955666370060004,-0.1978857723548905,0.7185244754076306,-0.93723650784406,-0.5421828343222987,-0.10349651453365248,-1.2415092257185978,-0.5523043370486485,-0.4100563192062836,0.6733603150619465,0.5244998773731383,0.08204589046460134,-1.0484931296789124,-0.5468728009102883,-0.21545566935672059,-1.0140444845277887,-0.566946709513841,-0.4315595885042306,-0.280826228930042,0.0,0.6835202790408674,-0.46473579683511534,-0.566946709513841,0.2639407488992113,-0.6747791969173234,-0.566946709513841,-1.1509562155598394,0.030792872002677375,0.0,0.849915179765364,-2.3820894533066332,0.0,-1.6877757462367466,-1.3342462537010829,0.0,-0.5313393070756446,-2.745686287710854,0.0,-1.4901668444189384,-1.2160715024266853,0.0,-0.8107629875692469,-1.3610925982983966,0.0,-0.4912882111665783,1.0244155605679215,0.0,-2.1405195537161976,-0.8326763101171901,0.0,-0.35341456301300234,0.05473699132784532,0.0,-1.435404165594035,1.3917493776671725,0.0,-1.004066960583966,-1.2502516673045256,0.0,-0.08470523778057584,0.08930654913565599,0.0,0.06781401857517112,-1.1290444008533747,0.0,-0.928407171065155,-1.1366359063616642,0.0,-0.7766208813352868,0.8540225902066931,0.0,0.8415022275962739,-1.2825000556834896,0.0,-0.9353204792911634
Ian,6,1,-0.5300295496064076,-0.5218332024945121,-0.7956432436638606,0.290655460084076,-0.5423735443094563,0.6214599043833451,-0.28534931633726246,-0.5471000811765304,0.14564081386211847,0.05977747110690905,0.5088253758066017,-1.3226943696751867,-0.18644343187614904,-0.5421463903963781,0.8204296701435685,-0.7892805529271775,-0.5480313080634654,-0.8403163813807288,0.5750277859559555,-0.536599432538535,0.5511353402193663,-0.029852696986106205,-0.5519369519520001,-0.33672839188000003,-0.7394988887693177,0.4567950904736171,-1.6089183898491768,0.29983009066057936,-0.5448555961074332,0.31348153924707595,0.01918588881202125,0.5036753153591301,0.5134885146982362,0.23411543226757464,-0.5381715887040436,0.8700256476205183,0.5013276521319641,-0.4920756669812765,0.35008445839496566,-1.0285675211146195,0.5416500576999419,-1.2671582411343714,0.8565805560075423,-0.5369048334187074,0.823341031803792,0.45177361275629174,-0.1899167700116268,0.11627077062540281,2.8161323219765237,-0.5332509461933772,0.39590642066890075,1.0690469396784348,-0.5383512701820958,2.202747045593329,-1.2349304286523142,0.5303682322413739,0.5087476204198359,1.386384291563673,-0.5462900879576444,0.5064919218831416,0.7349244326612286,-0.2764015287262241,1.886286947703599,0.0074862740835226925,-0.5311704907664675,2.043095394224356,0.22613497431532575,-0.5194420102577574,2.0519118588649055,0.8656635472897083,0.5276826993160222,-2.256650118273081,-0.3777199190111312,-0.5333808021932807,2.2771762681327536,0.38263559053669594,-0.1978857723548905,-0.2006545672139575,0.2849578222813504,-0.5421828343222987,0.5933781107373921,-1.0646880533877217,-0.5523043370486485,-0.5519090191659977,0.2520679995191105,0.5244998773731383,0.13737898527866685,-0.7023644355493457,-0.5468728009102883,-0.30879699231047875,-0.15648280769358003,-0.566946709513841,0.15656630182385203,1.6442788204474872,0.0,1.5544378638594745,0.45246039160068574,-0.566946709513841,0.7554571420794652,-1.1953100650548416,-0.566946709513841,-0.8000061992572791,1.6016871387710994,0.0,1.1210293554820754,-1.6111048903886593,0.0,0.15281224342499183,0.5337414114299113,0.0,0.12446730415114622,-0.26421703591394685,0.0,0.12113407517893086,-1.2886092211786928,0.0,-0.17454534522549867,0.8699421005036012,0.0,0.2000741464532063,0.04786854419003217,0.0,-1.841432564913899,-0.9488195648506044,0.0,0.3801757516383088,-0.133868010116774,0.0,-0.9507615721332724,0.7077240203747247,0.0,-1.107239009657846,-0.7604315969981127,0.0,0.2929423674955786,-0.13786536944835448,0.0,0.12938912488197718,-0.6289137727682955,0.0,-0.6857807859751409,-0.7206917638135981,0.0,-0.4798924348080849,0.4132599175711185,0.0,0.2572626175359401,-0.7289328672164418,0.0,-0.43308786789858517
Ian,7,1,-1.5856227712162416,-0.5218332024945121,1.5239984817532213,-0.40280164655971407,-0.5423735443094563,0.40381003636385454,-0.9028892844027748,-0.5471000811765304,0.13317204617308773,0.3385072753453897,0.5088253758066017,-1.0651008242230189,-0.6717134511668367,-0.5421463903963781,0.6687707479337359,-2.054332306915235,-0.5480313080634654,-1.8242048264904311,0.4391595511216611,-0.536599432538535,0.12736437855658408,-0.24512050515122835,-0.5519369519520001,-0.8635837318616372,-0.7768626902266967,0.4567950904736171,-1.2412349177565645,0.1737822812008838,-0.5448555961074332,-0.20485903827776344,0.8683532600069552,0.5036753153591301,1.2630829554558043,-0.012120498172871745,-0.5381715887040436,0.6746412218160447,0.21532502232118667,-0.4920756669812765,0.22592590935883622,-0.6575077856002621,0.5416500576999419,-0.4354556441733407,0.47761871603132894,-0.5369048334187074,0.35125335439011574,0.5872739841944762,-0.1899167700116268,1.0504267895422932,0.32884619185019687,-0.5332509461933772,0.191009722397583,-0.7173440005995817,-0.5383512701820958,1.4389555766595534,-0.9179590421387583,0.5303682322413739,0.42128985701236327,0.28073702509066434,-0.5462900879576444,0.26470675173396685,-0.8570316406729236,-0.2764015287262241,-0.4313282368075465,-1.0014701058890763,-0.5311704907664675,2.5267641988770118,-0.14339522888481612,-0.5194420102577574,2.2660772722178155,1.19084801716936,0.5276826993160222,-2.508298920684774,-0.7605618608268483,-0.5333808021932807,2.525593323006998,1.0386317262424944,-0.1978857723548905,0.5978639465860544,-0.9492195232704612,-0.5421828343222987,-0.043075767955253856,-1.2605329355464148,-0.5523043370486485,-0.3861222876407228,0.7133431330483573,0.5244998773731383,0.001734330539300027,-1.0825007669272526,-0.5468728009102883,-0.150175711490545,-0.6665680335910799,-0.566946709513841,-0.19027940479952815,-0.48766179687055866,0.0,0.21859341426845671,-0.32666074384125865,-0.566946709513841,0.3329210275830322,0.04878023287043848,-0.566946709513841,-0.22794907781332013,-0.43913821435865874,0.0,0.4285014440733089,-2.0018133769717386,0.0,-0.8869236049064178,-1.2764937572066646,0.0,0.3380187703430971,-2.4972123204972028,0.0,-0.44092656872792524,-0.9953244342952322,0.0,-0.483779666401053,-1.332490847124267,0.0,0.017055227084373924,1.6339304252496631,0.0,-2.178291274507494,-0.5545487930949982,0.0,-0.2746101880661161,0.7996893914329953,0.0,-1.529890886062654,1.5673339928765966,0.0,-1.096177563882587,-0.8390033073425278,0.0,-0.06974371199924294,0.36574836106021075,0.0,0.7989195741890037,-0.7195707999393592,0.0,-0.696370565314783,-0.7177794814935765,0.0,-0.15994711210096438,0.9166156543291241,0.0,1.0088545892581802,-1.057757948687163,0.0,-0.6533644224210905
Ian,8,0,-1.498001578430632,-0.5218332024945121,0.8361056946084077,-1.2421800372393956,-0.5423735443094563,0.47251748608744526,-1.1385172968063175,-0.5471000811765304,-0.04926387923236751,1.0368989357026568,0.5088253758066017,-1.4248219530060329,-1.1810219042731147,-0.5421463903963781,0.7784746943444157,-1.4084699967583452,-0.5480313080634654,-1.9765103483522504,-0.19427983381933095,-0.536599432538535,-0.23494651312629025,-0.18664305394662228,-0.5519369519520001,-0.2560290142393731,0.21313299769874414,0.4567950904736171,-1.0102564306904633,-0.2153835586244567,-0.5448555961074332,0.16384747094170163,1.9940125512550704,0.5036753153591301,-0.04249275432030022,-0.19410371563694365,-0.5381715887040436,0.07432398701780371,0.05806655259781969,-0.4920756669812765,0.18557914677167914,-0.6303891578330263,0.5416500576999419,-0.5920623157727071,0.35921394249646943,-0.5369048334187074,0.3989287464345974,0.7373207158165481,-0.1899167700116268,0.5972974659529819,0.2683956946369732,-0.5332509461933772,-0.3482816157408673,0.7529008456254996,-0.5383512701820958,0.14724830215810966,-0.2411754921869948,0.5303682322413739,0.38205900480659977,0.5405844606435306,-0.5462900879576444,-0.225030705937624,0.3222095180975878,-0.2764015287262241,-1.8868939974730803,-0.21589688989426295,-0.5311704907664675,1.7793129443395514,0.6469736337199976,-0.5194420102577574,1.0029295101657496,0.031576425134650796,0.5276826993160222,-2.10253619509336,0.32485790841180207,-0.5333808021932807,1.7792192458502984,1.0004784395585442,-0.1978857723548905,0.4901386162737147,-1.1079990685196224,-0.5421828343222987,-0.34964925510776607,-1.1446095562635443,-0.5523043370486485,-0.5574855725925976,0.75692743638507,0.5244998773731383,0.21662071277877254,-1.048986357345752,-0.5468728009102883,-0.3662480695197527,-2.1596413290114387,-0.566946709513841,-2.037112217051171,-0.37196354079124383,0.0,-0.21878185785937185,-1.4400021528395253,-0.566946709513841,-0.9428591350705983,-1.6050240020211362,-0.566946709513841,-1.4899088766377682,-0.3325349756681597,0.0,-0.09061201984393015,-2.659444313796973,0.0,-3.6251515649106647,-1.58212049462229,0.0,-0.7395388095692418,-3.3388642251835994,0.0,-2.3811018612972457,-1.3250296321569484,0.0,-1.7813592431899752,-1.7865061350027724,0.0,-0.4614401760948234,1.2470675390689714,0.0,-0.2996361257370462,-1.4372147348131408,0.0,-0.5761004289894218,0.21742777223332496,0.0,-0.018244085870567577,1.6088885746231711,0.0,0.04492100404848237,-1.3264752760116612,0.0,-0.0466102304782844,0.22114407234416733,0.0,1.0290199695695574,-0.7066262236828567,0.0,-0.20344545333232963,-0.5409451473273809,0.0,0.7785015009000495,1.1137596630941855,0.0,0.7723218564481157,-1.0750268361780964,0.0,0.046573660283799376
Ian,9,0,-1.360963661403891,-0.5218332024945121,0.40927866202236757,-0.41556021421263123,-0.5423735443094563,0.6799654554255263,-0.6372744767720433,-0.5471000811765304,-0.1842132128090559,0.12380196025054505,0.5088253758066017,-1.5106720140362389,-0.4110758284587801,-0.5421463903963781,0.7579640767199712,-1.1167454248662783,-0.5480313080634654,-1.545265982972572,0.27894771390138395,-0.536599432538535,0.19937098967607464,0.301783548273977,-0.5519369519520001,-0.07630316876007305,-0.7668153797665445,0.4567950904736171,-1.6234929114026448,0.5306934322712121,-0.5448555961074332,0.5112423795320242,0.7745924121205057,0.5036753153591301,0.599607528633425,-0.3030756198305539,-0.5381715887040436,0.012355005002602181,-0.10190626688138153,-0.4920756669812765,-0.19503795949982572,-0.5989854318570252,0.5416500576999419,-0.5776488007238336,0.23682429539733776,-0.5369048334187074,0.14595905849103485,-1.156037071131869,-0.1899167700116268,-0.1760982826235409,1.3801880907013946,-0.5332509461933772,-0.11910782952614796,1.5417583385879399,-0.5383512701820958,1.0619423075799916,-0.7259617685412137,0.5303682322413739,0.39475810862126365,1.267908022490275,-0.5462900879576444,0.13298395304409794,1.3149787180976236,-0.2764015287262241,-1.4589273747633356,-0.29890874203421536,-0.5311704907664675,1.096535501799958,0.3780155069158325,-0.5194420102577574,1.3948785698267985,0.2476873432825165,0.5276826993160222,-1.7830934078506688,0.05803568446963926,-0.5333808021932807,1.7139926654595503,-0.35008292003006825,-0.1978857723548905,-0.8817717474734573,-0.3744454407728021,-0.5421828343222987,0.05389230715354813,-0.7497739514617491,-0.5523043370486485,-0.4909078685501524,0.4710397783301469,0.5244998773731383,-0.027985914520856345,-0.6721467399152417,-0.5468728009102883,-0.16986125168848273,-1.0928978812326082,-0.566946709513841,-1.287748959004352,1.6991488973596658,0.0,0.8391738569618987,0.4592054688012588,-0.566946709513841,0.7469515029013452,-1.2650663843067995,-0.566946709513841,-1.2430106478741139,1.6713159881419966,0.0,1.3460974429928154,-2.191411972560209,0.0,-3.1327280734529874,0.6813146830753622,0.0,-0.24267243274879793,0.36263145529119983,0.0,-1.3496658766659928,-1.3692460518345437,0.0,-1.634832238057165,1.4867635776692287,0.0,0.15476389408381638,0.475848158150052,0.0,-1.165229711640547,-1.280043691860998,0.0,-0.11714995774989222,-0.1653961228375445,0.0,-0.2815504447437911,1.0970754692557667,0.0,-0.6563716011114517,-1.1463092900387104,0.0,0.34604757919510254,-0.4004447963931829,0.0,0.024770663115115412,-0.9825989546397409,0.0,-0.39082202766594143,-1.057415991676757,0.0,-0.3558445320302131,0.6922970093146495,0.0,0.2609718644931617,-1.1259728741960053,0.0,-0.35985306257930844
Ian,10,1,-1.570352977271404,-0.5218332024945121,1.1975009005564596,-0.39689935616132577,-0.5423735443094563,0.627018254248508,-0.9368665651069787,-0.5471000811765304,0.0035420621111356587,0.2691082009489414,0.5088253758066017,-1.4461811942303897,-0.6520197654312273,-0.5421463903963781,0.8174952844518333,-1.8010594677673237,-0.5480313080634654,-1.7448062470766719,0.6867043284667282,-0.536599432538535,0.4100506513668969,0.00894386357172941,-0.5519369519520001,-0.21389162855277444,-0.9305095333137969,0.4567950904736171,-1.5004451915494261,0.40799550976939725,-0.5448555961074332,0.3664269167231898,0.8848398169539998,0.5036753153591301,1.0092278483954935,-0.12941580180027912,-0.5381715887040436,0.6587661329664407,-0.08137909230044454,-0.4920756669812765,0.14193247561035124,-0.7181660563475543,0.5416500576999419,-0.44136379468003034,0.3110892864164587,-0.5369048334187074,0.2997101881966963,1.6088833877309892,-0.1899167700116268,0.7759554808167466,0.9029239110832692,-0.5332509461933772,-0.10466039373431248,1.2238967273480326,-0.5383512701820958,1.1205405893474651,-0.6277209024136782,0.5303682322413739,0.7784710176059004,1.0421643500158893,-0.5462900879576444,-0.12889039247892697,-0.9054730240689984,-0.2764015287262241,0.8343563321397923,-0.49673227584927854,-0.5311704907664675,1.662554658506029,0.2504619598142346,-0.5194420102577574,1.3435091034811777,0.04896898985926465,0.5276826993160222,-1.790045687164313,0.1046396568083233,-0.5333808021932807,1.6992710821160169,1.4729535206046025,-0.1978857723548905,1.0033531573396797,-0.9477553581299678,-0.5421828343222987,-0.09724107597685616,-0.9132535605772601,-0.5523043370486485,-0.6453647078338033,0.6611825327856675,0.5244998773731383,-0.011801692909988929,-0.871583683092818,-0.5468728009102883,-0.24074479016668426,-1.2571820419422817,-0.566946709513841,-0.9724853827360053,0.16798386360584897,0.0,0.4671009019010633,-0.4853200594157847,-0.566946709513841,-0.0012286947344126195,-1.1196463233066039,-0.566946709513841,-1.3993801280760412,0.39771351174195685,0.0,0.7347229529091477,-2.309183204386705,0.0,-2.3706880152873677,-0.9479550483303156,0.0,-0.37265964084144365,-2.0709364311076706,0.0,-1.7818595211684471,-1.2431418724309644,0.0,-1.3871093372089978,-0.7481636650901554,0.0,-0.30930963256698135,1.3993711238362747,0.0,-1.9021505439761655,-0.5243270111550508,0.0,-0.3679565319759735,1.665251493284986,0.0,-1.2113690486256006,1.3956667010850246,0.0,-0.8578350063200932,-0.012297490184961202,0.0,-0.06321120816807625,-0.253156483678676,0.0,0.4596543538048929,-0.33180299614614495,0.0,-0.5863356645233216,-0.19916199024553238,0.0,-0.17864449559146633,0.49083224587645813,0.0,0.6924707702412302,-0.44886107619740906,0.0,-0.49025214507500287
Javier,1,0,0.4372498646077719,2.613622754581435,0.2835352974445916,-0.09952241501796295,0.6253833038651387,0.09472639976433594,0.30039404361200733,0.8111360913122839,-0.007893702056377929,0.4981999955380958,0.5613679183382697,-0.5312653378573788,-0.11095185223458619,0.0675875341220118,0.29561615031558885,1.1795432729186155,2.1136642420731406,1.3271114637354373,-0.1299626672262116,0.28133315610784293,0.780694664762004,-0.5562081345168745,0.8644206846391137,0.49374760001527035,0.9024429181091554,2.149035041295729,-0.35936138523534256,-0.7573581761000475,-0.06733129755905479,0.4909372137625087,0.17867352641333817,-4.650676542592323,-0.25628008687122095,-0.11681198475126606,1.8172985609939332,0.24335542671320412,-0.7823257946981705,-0.7555883712148372,-0.37546838137266714,-0.2888618846379481,-2.4432974996445562,-1.1972757687154312,-0.37352740429851766,0.655662464809418,0.32114044490099325,0.2152207543987453,6.16150094467755,0.25812030263610575,1.807991678862339,0.81904146344014,1.504097538002357,0.3014357834722272,0.9797160352076414,0.7198260663257627,-1.0563544505164153,0.5214630978271998,-0.8209071698827265,0.8819084895687443,0.3433686220259994,0.8997870276883455,-2.3208542192030497,1.4626828551776152,-1.2755444725300622,0.2674200268539908,0.5066964214347853,0.8440313974783299,-0.041970318140968535,0.32523774854646076,1.3197405542102583,-0.30583805387413854,0.2799663508770559,-0.024494096350769178,0.15355384684285003,0.010174815265487988,0.5135836518688468,1.0299444991819093,6.298429429754415,0.8820914273496182,0.1114365306044677,0.6005057274182042,0.29817346555711416,-0.27260975595446474,0.6020267025829114,0.02652779555369196,0.339515169210751,0.5129102973607315,-0.21796391193288703,-0.3461441790297932,0.12634364902396142,0.16234273218727865,0.47750918482949856,1.7638342073763942,0.5524090356865313,0.9265523298069557,0.0,1.1240859619421097,0.4277703447805368,1.7638342073763942,0.7523325068435931,-0.14609487196455365,1.7638342073763942,0.028220947665341518,0.6474866622269171,0.0,0.6826106126450294,-0.33486539508245605,0.0,-0.9201304145347612,1.3655838906763298,0.0,0.46834710513408534,-0.04668370762989696,0.0,-0.3814955925398674,-0.9884673526448946,0.0,-1.3379759099385373,0.8036692661299285,0.0,0.6270683240325329,0.8298953965274803,0.0,-0.37980077402083906,0.15497801130328856,0.0,1.5794019120323648,1.5771848695597532,0.0,1.2165537657920238,0.6971468712910452,0.0,-1.010180584187057,0.5684908225408097,0.0,1.5409541881454984,-0.06453695472683173,0.0,0.6750445287688381,0.4363083063004865,0.0,0.4852193181648251,-0.19406896703572507,0.0,0.8310219904540992,-0.4962561263561533,0.0,-0.17532515385753597,0.2028276725775329,0.0,0.6009939619545238
Javier,2,0,1.3011791918510505,-0.5218332024945121,2.0863642716558823,-0.9382191375111665,-0.5423735443094563,-0.4351341409367752,-0.7761465440790738,-0.5471000811765304,-0.3294920009318671,2.1651731319956684,0.5088253758066017,1.3500145251512192,-1.6035611753324266,-0.5421463903963781,-0.9297505778966324,2.458187983774575,-0.5480313080634654,2.1565420846725485,-1.9549528774933793,-0.536599432538535,-0.7061828005452784,-1.4646149279438072,-0.5519369519520001,-0.7015273170647054,2.7021209008995264,0.4567950904736171,1.572066975336113,-2.1350674355319246,-0.5448555961074332,-1.0687048934032406,-1.197925293410187,0.5036753153591301,-2.7418845600442574,-1.466048810306165,-0.5381715887040436,-0.4130580276129624,-2.009271417996846,-0.4920756669812765,-1.067312109776371,1.4797014208732788,0.5416500576999419,0.280132758672346,-2.0891398750308157,-0.5369048334187074,-0.8222884756373047,-3.3911792756844736,-0.1899167700116268,-2.5365520557220016,0.27159426122120034,-0.5332509461933772,0.032102858526634914,-1.707645333091397,-0.5383512701820958,-0.7315341808942564,0.22890672737839718,0.5303682322413739,0.5078754331551139,-1.0055373345598722,-0.5462900879576444,-0.6716498561468646,-1.3087140046306804,-0.2764015287262241,-1.327536151631158,-0.8795117647055338,-0.5311704907664675,-0.4407904007942334,-0.8833435068960108,-0.5194420102577574,-0.5686430093297052,1.0827250709616287,0.5276826993160222,0.557444915048848,-1.0907111954977815,-0.5333808021932807,-0.5857905628362625,-0.7954095926145941,-0.1978857723548905,-1.1835524716807397,-0.22335535676333898,-0.5421828343222987,-0.29714145703150624,-1.4156802859640394,-0.5523043370486485,-0.8639300049101755,0.8366555242176503,0.5244998773731383,0.6811927142337739,-1.2372146356563043,-0.5468728009102883,-0.8086801961421519,0.8800734929348633,-0.566946709513841,1.147981449562085,-1.1915841226588977,0.0,0.20520153024041582,0.23798753735086112,-0.566946709513841,0.6475256124833475,1.8404156683219628,-0.566946709513841,0.8354699020390749,-1.332601332523191,0.0,0.16095858817332465,0.5296136149250655,0.0,-0.6523822516458273,-1.1572480950162047,0.0,-0.43461646748962707,-0.315254774153885,0.0,-0.7322503097249619,0.8886221603937513,0.0,0.16704651694472686,-1.03474077391387,0.0,-0.6179935746912036,1.2140917821682047,0.0,0.7666299135723621,-0.8916370655527657,0.0,0.5611425350786913,-0.02477840916597735,0.0,0.24827808378527605,0.9817636145494516,0.0,-0.5203862941874237,-0.9308185316037414,0.0,0.5625260552828899,1.8780204735233677,0.0,1.792943985564342,-0.17171235128115803,0.0,0.3934167134927484,0.939593700038554,0.0,1.1329222142211517,2.104015175506368,0.0,1.277690238669674,-0.7858170319495931,0.0,-0.017009460931378718
Javier,3,1,1.429679347163664,1.19736188291287,1.996874700462301,-0.6617117709249754,0.14262212458770607,-0.4269606757386979,0.3813041874789435,0.654687497254444,0.15838319027179212,0.36476702270459377,0.271369312623387,0.7076562304880967,0.005689782975445966,0.15623148067726433,-0.3182351083719959,0.6428590460653126,1.6900057798209578,0.0481284474567402,-1.05433220877673,0.403864162905806,-0.33852790099683777,-0.7810213389742817,0.7540108584595022,-0.3783104166746693,0.9855915661836208,-0.5789500764036731,-0.011436945734844182,-0.9417864283341139,0.7298458811157431,-0.27587767050787054,-0.04713761883979072,-2.3015728424379414,-1.0830995824654863,-0.4910962828241894,0.5482437455649996,-0.1229079174992737,-1.0720457962155092,-0.6779817173438261,-0.4754485903428004,-0.16259465226939537,-1.7812538252860484,-0.6330689966483591,-0.6304722552593525,0.40253286649800585,-0.009301937328197373,-0.09487835889083206,0.43517444186672316,0.07980166741470279,0.07217844499969003,0.8352340225148368,-0.20324914297355426,0.23106195153629186,0.9412122855218162,0.14184113885403415,0.2926456127662513,-1.5569003947144238,0.5319125708947369,-0.08832253270076192,1.2307246400180385,-0.3386676847645744,0.3307054389006,-0.931014415508546,0.8967982472315619,-0.24501939011356338,0.14367998156945588,-0.46032111471078846,-0.8917733001939726,-0.01291477764121947,0.39082744015105314,-0.37242358776233336,-0.42779586640033695,0.6258645305848777,-0.2587146975341029,0.2206388654608434,-0.26987783463276155,-0.23848512024524768,0.22337659757077663,0.6999048184386756,-0.7948561330124997,0.40399775736435417,-0.3752353430951938,-0.19865693741169635,0.8103168982511788,0.229277148782685,0.7976443771641952,-0.7133948096316332,0.9454824127025134,-0.585027164626408,0.7780381963031993,-0.5713598131379998,0.9438122362068503,1.7638342073763942,1.2968567232214767,0.2849246390640203,0.0,0.27336074657293064,0.47894403087052384,1.7638342073763942,0.7279316598820866,0.5162746212913039,1.7638342073763942,0.9762202890124166,0.12606575496814731,0.0,0.16148570260902215,0.060297406037623125,0.0,-0.312841840769366,-0.11184274817286034,0.0,-0.22390604535722206,-0.3828149453723656,0.0,-0.16331676966990996,-0.3940756511328848,0.0,-0.17894866801747822,0.0020497100016923825,0.0,0.006156890135393819,0.07023383182419389,0.0,-0.41436582817551687,0.04820230661703478,0.0,0.5359530541729158,-0.0018251430505881235,0.0,0.3642087308606053,-0.7657429713084852,0.0,-0.8648415541362482,0.7097012171484817,0.0,0.9052870733124209,0.22602758029367567,0.0,-0.0630263069906384,0.25113908219426045,0.0,0.22289709582696363,0.318992614759959,0.0,0.7544736646821166,0.6592127266342414,0.0,0.5362452715400309,-0.23058695766400789,0.0,0.16216840276492417
Javier,4,1,0.9679994676002328,1.7455224358042578,1.2541261418338001,-0.8668652570629073,0.5699629603052581,0.22072364079312687,-0.009688406041323844,1.323082310567207,0.24489632690967023,0.8814957791588284,0.30917188662388706,-0.6635275991120909,-0.4878491117000113,0.44960039345783326,0.49934140479047856,0.8470573408187698,1.4869475409232096,0.6702748051963117,-0.8807096869502343,1.2915922817854542,-0.34525817934562136,-0.673065524034415,2.170129839900301,-0.24501464790457167,0.4691788070580907,-0.9967543990830814,0.37978494113865346,-0.6473271194161473,1.8853867108156672,-0.3140642939317594,0.038816631203402896,-2.4140279835412723,-0.9473826767038633,-0.7982905851142691,0.9209619558948454,-0.20749794521377546,-1.0404209030458056,-0.3045780183901604,-0.46793283880381226,0.05231798395317191,-2.7225107886256246,-1.151829156111604,-0.7187287513725338,1.0495853310766114,0.2399270461119449,0.04718905529539241,0.7661531277007533,0.2572740428421905,-0.5326356602881336,1.3867819766629481,-0.01740928777075003,-0.5310745778921643,2.022580406921383,-0.07636338613326252,0.5098996464976775,-1.4179816516418704,0.058122589778409194,-0.6169009828677046,1.8008673223532308,-0.0739105153430621,-0.45894297751075924,0.6159189791600926,0.32423143563989876,-0.23636584347485937,0.7045180844014113,-0.2987766037073247,-0.8898237922575578,1.6330886473941333,-0.32125019317324394,-0.16052021480638837,-0.03749099462004904,-0.016064370469816146,-0.37948992064425335,0.816722577842718,-0.11033542883449118,0.17090517063136715,2.011434209743266,0.8376850212150282,0.05441294446466592,1.1477345149316827,0.07416528029328706,-0.25501193528676197,1.8555969794327023,0.1794106641878797,0.25157882014339716,-1.0110929421653174,0.43879983985461085,-0.2838703927874341,1.5120454615107894,-0.237004602519946,0.5628425103721952,1.7638342073763942,1.144319391975884,1.0712797348559484,0.0,0.3426759993470828,0.48738859432601744,1.7638342073763942,0.789929825034182,-1.1687890296617092,1.7638342073763942,0.3047596456968381,1.62068489657684,0.0,0.5720477675666304,0.033696608938975164,0.0,-0.23995679974446862,0.8532769402373,0.0,-0.21596063367505275,-0.14163146237263455,0.0,-0.4386433824647354,-0.9013099310880356,0.0,-0.7808899643274197,0.6462139392119707,0.0,0.21650728887874068,0.32463925846805614,0.0,0.3466902418461168,0.3471331538626104,0.0,1.4301947956920638,0.14860437652061767,0.0,0.8745243416323598,-0.19637299469316744,0.0,-1.0851889252947793,0.29692544689453976,0.0,1.3911214651401618,1.0619448524737023,0.0,0.9832001592839901,0.49830880025972546,0.0,0.10374061993882377,0.7295795853259165,0.0,0.8079302531955761,0.7094940456840696,0.0,-0.02151021574916475,-0.0030056885270070407,0.0,0.5021644426385035
Javier,5,0,0.9515539659086566,0.3104826928644483,0.5571413853502797,-0.40259187006422514,1.8819347500436925,0.33356506423808224,-0.2654766272827103,0.7685736636503817,0.08341244144707381,1.0090096887843394,-1.8839019745336822,-0.45494275022939,-0.6954548653627284,1.4157581037726783,0.29920748823918686,0.4163430744198964,0.7761321308321445,0.8661616560286741,-0.47613816024047295,2.689112404343459,0.5433102095737735,-0.6678688569886075,2.1050075299639817,0.7362919804391073,0.7377173486440317,-1.5153519551860173,-0.3959080602318901,-0.7599342082930322,2.005105095727823,0.6831527475823274,-0.6488314982695367,-1.3404503304909494,-0.8710798127830475,-0.20047884108502176,2.1590418285346518,0.4854283061696167,-0.7103092247391901,2.758536409827343,0.005167035005886469,-0.01429494073848288,-1.6815814814410706,-1.6989984336328137,-0.46525138881815137,2.397535913250093,0.8036744775774306,-0.8125132634798852,3.112997306589443,-1.9932243176138802,0.9067460541179704,1.5600221112983157,1.215676130641297,-0.19306155285237758,2.566832716578384,0.5025625820269988,0.13870055856110702,-0.741772537563683,-1.1371029029403437,-0.1919079338216297,1.822410552841818,1.0476997770247194,-1.762488789056167,-1.2796642199205597,-1.882067300958481,0.09116634245671609,1.358550260140448,-0.312685738144613,-1.0892268628200903,1.1897166477856553,-0.7127586448662224,-0.3490909033328271,-1.0557614020050594,0.14023812898256416,-0.3768119475274035,1.140567547268425,-0.36202482079278037,0.17837320664178613,2.0777404129883728,0.5083345867504623,0.4248866930406183,1.0200563615722973,0.4295678409444343,0.004432303314769198,1.1143324715855905,0.3940052714207273,0.4834324652593922,-1.0030760959460254,-0.04301887130885531,-0.2900939539820308,1.0794843854941847,0.18202779438353942,0.22024365467401305,1.7638342073763942,0.6541370856564152,1.5775878040513613,0.0,0.9687133231459135,0.48656626345811615,1.7638342073763942,0.787946486767028,-0.3836750747754323,1.7638342073763942,0.11688829325068063,0.928078296107974,0.0,0.6690009908066076,-0.8090680444674976,0.0,-0.8009733284273006,0.6098566746851911,0.0,0.13962982166881105,-0.5982000944528647,0.0,-0.7091593877347273,-0.9662783911399487,0.0,-0.9769731408533732,0.30262960051422494,0.0,0.15988998627735998,-0.5355350781696705,0.0,-0.45050532346713784,0.37641681079550204,0.0,1.566662920435591,0.22890073581793766,0.0,1.0637551018913236,-0.4934568944974297,0.0,-1.1019426281667468,0.6347155980853021,0.0,1.5200012589829337,0.061838799911839416,0.0,0.7741568418765327,-0.4455696308879325,0.0,0.39328057784719495,-0.10844871348695206,0.0,0.982880647468128,0.5375858267584313,0.0,0.6639439681483313,-0.4219966030831301,0.0,0.23036518159248637
Javier,6,0,1.2165271492093466,2.6878159912691575,1.3212638740529512,-0.5382573840507385,2.599988931393982,0.43796133080566185,-0.40368864553697686,2.309966713669281,0.5731759250625444,1.0558311105430418,-1.0585023144494632,-0.3799578841688598,-0.7955434662880978,1.6792427426041001,0.5070862182539594,0.42288929112963586,0.07853703431765374,0.14167286141315596,-0.764323352161888,2.659077599002739,0.012348984786966954,-0.5826902010169647,1.7727194398450419,-0.08442470858969355,0.8257701483434914,-1.5635068471188807,-0.034165094690514396,-0.7417191739065315,1.7809482300749335,-0.05051140884690673,-0.01994966770152112,-3.3857819467927057,-0.5527194826079288,-0.3213192073500785,2.43825192120877,-0.02013894032639226,-0.548748089361558,1.6708714033787675,-0.16405519823592155,-0.12555765499883742,-2.495639245087343,-0.7537292845215015,-0.30119263134364255,2.119756611988732,0.2489431645584857,0.2583780549653067,6.088510352372642,0.09932258284112078,-0.2398104206859371,2.1449020968389196,0.7111255345847333,-0.2821950957117054,1.4269563876176101,1.0063294762827282,0.6064129071416576,-1.4295625153210745,-0.8233819545928202,-0.5603989216903124,1.4584028357380296,1.0167250175269489,-0.5025608645746651,-1.9851981795738214,0.6045449986020861,0.06843023490832098,1.8028487956025774,-0.2825397755513289,-0.7367777686169297,1.3057473322170823,-0.32450666234018954,-0.35084588070907724,-1.077654561057879,0.16033835130204252,-0.18894354313706876,1.2087965276263961,-0.22913399856876515,-0.08368512618916553,5.887499977932327,0.32323440476504717,0.3566003439807534,1.7607747547076231,0.3926298526828252,0.019486122859882472,1.6050859750904394,0.16818380682119666,0.25144855593266674,-1.122573392876916,-0.05269729624078239,-0.14201320215760627,1.4153176445595392,0.10166040488423334,0.5867796815494255,1.7638342073763942,0.7647734258891692,1.0507545971072263,0.0,1.210764293681179,0.4870668833094555,1.7638342073763942,0.786083171324399,-0.13188389784789203,1.7638342073763942,0.32216663421618175,0.7068818166755121,0.0,0.5593282839059186,-0.33942078331876196,0.0,-1.1280820928268103,0.9056661586740257,0.0,0.8548487642660987,-0.12281133312029392,0.0,-0.4737191095732072,-0.8406764854015639,0.0,-1.3649942893589277,0.6108638273494443,0.0,0.5812403898404406,-0.12937076503228453,0.0,-0.2729811231729071,-0.2596201632761906,0.0,0.7137034275515245,-0.018983270572613703,0.0,0.35840150162257717,-0.0380918260933484,0.0,-0.970340246845977,0.020739277224435835,0.0,0.9850163485735091,0.4853894837680312,0.0,0.5888253907587143,0.24327129493221536,0.0,0.3382843170394645,0.22225121084027194,0.0,0.4967665584520526,0.6848524794596856,0.0,-0.6061649679538104,-0.3088356253698159,0.0,0.635718426069837
Javier,7,1,1.022741002147016,0.4195173755905126,1.1842648164776757,-0.8868377826525805,1.8759415891576958,0.3718363893569404,-1.0522921848147415,1.156673816723708,0.29760326587932184,2.0077158722822954,-1.814572931095684,-0.20117668129112862,-1.6661079298549006,1.5595913118876898,0.26548558322150917,0.32593265311418973,0.6120373623157335,-0.058946864026411916,-0.9227613822295748,2.8105185316317676,0.587447493818859,-1.5284083089801968,2.105386270339112,0.8905127309045171,1.3568908460562776,-1.5970076724767392,-0.5210780874734641,-1.5959106632146094,2.031623167194713,0.8410150170387005,-0.3868269776109712,-1.5627715553132826,-0.385762350278471,-1.4631057499381739,2.7051816576135317,0.5040505580158369,-1.9224643819097258,3.5715497118461808,0.2002263035248358,1.3511093582726483,-1.9710773538168505,-2.2398333578309453,-1.965997121396989,3.0110045950998185,1.1846036455919047,-3.7749901641757404,3.6916619293296997,-0.6321905864567368,-0.9409697911401856,2.3161545146829194,0.8876473774316168,-2.199015299588949,2.392578943707435,0.7035197481494598,0.5532788562465848,-1.0211895571219407,-1.1009612587639197,-1.474112770246599,1.843054425359974,1.1015473773044047,3.430488500114052,-0.6444574936788936,0.0924889046215931,-1.3159142503916106,1.1012152061826157,-0.18904522466549906,-0.8906260808183265,1.1197491480102826,-0.21660409132406688,1.9082225796982184,-1.4742189544851618,0.28769552985405344,-1.5690944723523261,1.3284147793157401,-0.27336088577351625,-2.4115946177170993,2.8786858442024132,0.22414186399903058,-0.7669824357953187,1.4159101844509812,0.29890406473051845,-2.0877439881205646,1.7251082849255586,0.18931681291535987,0.8630952710346866,-1.0524456954168588,0.06813158786089209,-1.600326865506342,1.4544209227480678,0.02549181180225779,0.43939898020837026,1.7638342073763942,0.9014700205410129,0.25787539167406803,0.0,0.46400962187115413,0.2713439192671376,1.7638342073763942,0.7867326464886545,0.817342842728355,1.7638342073763942,0.5740318530578504,-0.3909193914991599,0.0,0.42748741957528785,0.05035147962078964,0.0,0.037370235102173466,-1.545120995262588,0.0,-0.11022473159949377,-1.052560328864751,0.0,0.6329908354607084,1.0618432981860642,0.0,-0.7956872287501193,-1.8272106783524897,0.0,0.9679700216153673,-1.1862922215467535,0.0,-0.7479951840803891,1.345629994731401,0.0,1.1557946675130624,-0.11954844822475819,0.0,0.8047815845263436,-1.088883052187108,0.0,-1.0280051205100007,0.9190294156432343,0.0,1.3033560766017669,-0.8219778999429325,0.0,0.9401303326931038,-0.36155164283425467,0.0,0.1883476253534392,-1.5934571966016102,0.0,0.6772307763496028,0.038979348905760776,0.0,-0.14291129125877683,-1.0370264541135463,0.0,0.4897901736874907
Javier,8,0,0.6896904704339278,0.9064231861432519,0.5977899535396458,-0.7108129824874326,0.9704018908989956,0.10842894836082334,-0.4767313604827749,2.567179740455046,0.23169048143640525,1.0747216468204932,-0.06923210600645237,-0.42514273429202676,-0.8452335738078837,1.2467520487789907,0.35814020612247865,1.2214957398946682,1.273988994829066,1.0281325840849505,-0.5291062845893583,1.839521649598234,0.31133406538106995,-0.3655152961782454,1.9407683260662345,0.5949468162500029,0.774340140807466,-1.750960574109831,-0.27313093225580076,-0.5760424550422846,1.96238853158439,0.5356526656154132,-0.04277703953707012,-1.9924569915988488,-0.6754068960339701,-0.43178541280636684,0.8922474014763544,-0.12392272694844428,-0.8298540296103851,0.6876704432432481,-0.45299930688068857,-0.11596943854629571,-2.708219358962235,-1.0850234380403212,-0.4930696871148526,1.6321631154954364,0.21811634151030448,-0.25743036673447744,-0.8818389552401705,-0.3875670374307785,0.599387798451534,1.5951878065931326,0.6374870019104742,-0.05632793400985237,1.6790308401935259,0.03463467608680337,0.13251138814749377,-1.9602828696084174,-0.9477766790096045,-0.11981021782394305,1.8378105542242078,0.7188933362253476,-0.8723564305730885,-1.5760994524489078,-0.5939638813738678,-0.22737707317383754,0.7703284770439396,-0.11754139115909377,-1.1173901287096808,0.9257654971236434,-0.20522159753718447,-0.271298149030164,-1.230397763015545,0.10498124625414437,-0.43646114917781054,1.1044200955911687,-0.14729392565459185,0.15397267094574552,0.22083603758749926,0.42327032879190485,0.029316626327056176,1.0725678156215648,0.29318374942537406,-0.17456957570961532,1.875598205995818,0.3126511216796325,0.32981510784143275,-0.9334014494794639,-0.05545766855473316,-0.2896397061201728,1.489974516787256,0.15932202927498726,0.6886666849902647,1.7638342073763942,0.39290870827143554,0.39057275034171784,0.0,1.090713025239068,0.41979716143285367,1.7638342073763942,0.6391044097223257,0.15306877702310606,1.7638342073763942,-0.32667366713894747,0.37428276916115677,0.0,0.7642632185331606,-0.26237064616401584,0.0,-0.9913444505862189,-0.2884976343326969,0.0,0.7789344029428753,-0.6710598889312492,0.0,0.6251251181727643,-0.5195914896906091,0.0,-0.5141706953208803,-0.14267477603692427,0.0,0.7750399219435774,0.22247379960440558,0.0,-1.1018596128217408,1.1953652136996864,0.0,0.39541713221558705,0.5716802735954579,0.0,-0.757332756677445,-0.7496525679460864,0.0,-1.0495809878712858,1.1368906817489195,0.0,0.36564881628585727,-0.5075937961364841,0.0,-0.23915857465696977,0.032164242140364445,0.0,1.0264035944230474,-0.08767127086014036,0.0,0.8892316310728177,0.13874787098194424,0.0,-0.842212142844799,-0.14679659887412433,0.0,1.0040512899106637
Javier,9,0,0.6961596824426642,-0.5218332024945121,0.08230137956559626,0.10990224860056366,-0.5423735443094563,0.5761209348384179,0.5044488237916597,-0.5471000811765304,0.29585295225473474,0.35375447516509334,0.5088253758066017,-0.4788475056161194,0.07805594139259106,-0.5421463903963781,0.4212055054111055,-0.6393156530880016,-0.5480313080634654,-1.1417731025283966,-0.46021943740294186,-0.536599432538535,0.29184760031995977,-0.6525620044203391,-0.5519369519520001,0.31056449821711907,0.6021002699444873,0.4567950904736171,0.12184263547645972,-0.6912211388899417,-0.5448555961074332,0.18715281973368414,-0.6226124985531953,0.5036753153591301,-0.27507095098624496,-0.16859265176012775,-0.5381715887040436,0.5239882640385232,-0.8656608613578143,-0.4920756669812765,-0.04728063921122754,0.03958320291224441,0.5416500576999419,-1.7488010535113236,-0.5959963002027109,-0.5369048334187074,0.7932118388417786,1.2545292147225395,-0.1899167700116268,-0.0671122422834829,-0.47373682764735486,-0.5332509461933772,1.395457873343705,-0.39204518831345603,-0.5383512701820958,0.7397998084318399,1.18588263293474,0.5303682322413739,-1.3116509807997296,-1.016650535374056,-0.5462900879576444,1.2728383674016182,-2.4142583265810917,-0.2764015287262241,-1.6425683384462466,-0.15157053968747206,-0.5311704907664675,0.09592573536488416,-1.2036891607393112,-0.5194420102577574,-0.07253812044034039,-0.22476088945624592,0.5276826993160222,-0.3078954101755573,-0.5089658092202225,-0.5333808021932807,0.17787956068503813,1.81309450587838,-0.1978857723548905,2.0730265225579814,-0.17451464394015806,-0.5421828343222987,0.6927249122889203,-0.041991982693491234,-0.5523043370486485,0.31188275020326656,0.5784341158406248,0.5244998773731383,-0.3874117982425932,-0.3715297686447625,-0.5468728009102883,0.39068318305797545,-0.2027139128057777,-0.566946709513841,0.33543217833963884,1.714881993793389,0.0,0.4692523834004332,0.48384859174006156,-0.566946709513841,0.7740916670005595,-0.5430293519464932,-0.566946709513841,0.3270664640688854,1.0651580308834498,0.0,0.5456349801205596,-0.9076989672516173,0.0,-0.44547889147684533,0.22439456526673496,0.0,-0.02075237605871271,-0.6746733287839249,0.0,-0.4186501058761644,-0.3967588821005881,0.0,-0.6608851427391291,-0.25077268271726005,0.0,0.1504215059029962,-1.4033222305822581,0.0,-1.814805494556029,-0.0877817601499381,0.0,0.054582198483231675,-1.1465863155021234,0.0,-0.842219263326938,-0.8545777474259293,0.0,-1.0665948464683388,-0.09033159646830623,0.0,0.3271979671666367,0.12741491475005276,0.0,0.8196966679633496,-0.4866629719746251,0.0,0.017016675501562422,-0.7762375666877916,0.0,0.545391787476772,0.6012572543489357,0.0,0.4768856147450422,-0.8876922346956653,0.0,0.06801609856586324
Juliet,1,0,-1.7624970160873803,-0.5218332024945121,-1.5401073817399156,1.5601562422101154,-0.5423735443094563,1.1782404715441204,1.1282467344850053,-0.5471000811765304,1.555007858358602,-1.1066642413410757,0.5088253758066017,-0.12581497729903462,1.2136866524509713,-0.5421463903963781,0.8652645226609406,-0.7993880106962956,-0.5480313080634654,0.1220297366758808,1.0657469948402931,-0.536599432538535,0.39499011707599285,1.6237913756004367,-0.5519369519520001,0.8974270989733343,-0.8610571208026035,0.4567950904736171,-0.06070418001139113,1.4446576193554825,-0.5448555961074332,0.6851498805815596,-0.3479396957443086,0.5036753153591301,0.20252530546453482,0.9553758306187518,-0.5381715887040436,1.2156265491615952,1.8312839770627305,-0.4920756669812765,0.43421458147067155,0.7217873674479118,0.5416500576999419,-0.06328677057015983,0.8511635228674502,-0.5369048334187074,0.31065839881932095,0.4662136727315032,-0.1899167700116268,-0.8420008968917562,0.5339590502463424,-0.5332509461933772,1.1841964354443484,0.09745821501290562,-0.5383512701820958,0.12245300870462592,-1.1819893453774464,0.5303682322413739,-1.6157729478761373,0.8678649223310769,-0.5462900879576444,1.2510446467334948,-0.3039131151940437,-0.2764015287262241,0.4118889138840801,1.0698923823242807,-0.5311704907664675,0.11304794167916067,-0.1240867777422759,-0.5194420102577574,0.258338804224865,-0.6227551175108398,0.5276826993160222,0.4388180586238822,0.29219179319311284,-0.5333808021932807,-0.19513197586881292,-0.9343427984229948,-0.1978857723548905,-2.0595456763334052,0.8835657528469134,-0.5421828343222987,0.7669320037891983,1.4836498245763794,-0.5523043370486485,1.383828444181807,-0.6373201117804757,0.5244998773731383,-0.25448077823145765,1.151761529238428,-0.5468728009102883,0.7114709268036993,0.12278351035352053,-0.566946709513841,0.4739156697668978,0.5179766338112418,0.0,0.49405743127170787,0.4346177610834636,-0.566946709513841,0.7740949887083025,0.3727958304883172,-0.566946709513841,0.8199281659236674,0.19869865705767073,0.0,0.28646744673835906,-0.8238870807345386,0.0,1.6318575388194612,0.9037237270103534,0.0,1.0326682169860881,0.0646275352129759,0.0,1.50277289983531,-0.8506285890607745,0.0,0.08365507607553706,0.7832073673989443,0.0,0.9842574866736136,0.8330845411635416,0.0,1.5801764317024267,-0.6802257578735394,0.0,0.09642789693735068,-0.09466314063538452,0.0,1.717803047734677,0.8434034834823323,0.0,1.2317555665560247,-0.8562063558139386,0.0,0.07756999664740313,0.8705628431683783,0.0,0.9498602132559014,1.913882050195002,0.0,1.8297887390195107,0.9136819026345995,0.0,1.5762539483877882,-0.7693939511204805,0.0,-1.4518693236010487,1.0853880686677508,0.0,1.7571546503315822
Juliet,2,0,-2.157446117739073,-0.5218332024945121,-1.7488715222442468,1.180247369463618,-0.5423735443094563,1.2450263927942113,0.32535347029997913,-0.5471000811765304,1.0583162106849389,-0.06785715813703952,0.5088253758066017,-0.6704426358830697,0.21241695656187798,-0.5421463903963781,0.9187383305066119,-0.16802828113105583,-0.5480313080634654,0.5609475729743956,0.360492731986624,-0.536599432538535,0.12522972750328648,0.9219197792195046,-0.5519369519520001,0.5985924700814897,-0.6479489426737348,0.4567950904736171,-0.018842539852598116,0.88895501997199,-0.5448555961074332,0.44943190051229953,0.3889450594793233,0.5036753153591301,0.7627069906567624,0.3650501763264594,-0.5381715887040436,0.9750017518161866,0.9572415004281407,-0.4920756669812765,1.238871233512466,0.0842492799817763,0.5416500576999419,0.13303361615401532,0.593943408367688,-0.5369048334187074,0.7386248099905496,0.22485258834458083,-0.1899167700116268,-0.6688504748505542,-0.15005496338577287,-0.5332509461933772,1.242090135158456,-0.8700862661690959,-0.5383512701820958,0.21641707155639597,-0.9852240122500328,0.5303682322413739,-1.7906149182904139,0.25163020258960095,-0.5462900879576444,1.4188446288786385,-0.473673746774604,-0.2764015287262241,-0.7306615740847926,1.6745608207869518,-0.5311704907664675,0.46059365395672947,0.7660555265296259,-0.5194420102577574,0.8233690075090118,-1.4424451341736075,0.5276826993160222,0.271128651258663,1.2353066183163888,-0.5333808021932807,0.12952713061121704,-0.618927503841651,-0.1978857723548905,-1.699412655807984,1.1569421874763175,-0.5421828343222987,1.020985611079625,1.9022141693269545,-0.5523043370486485,2.494297093053719,-0.7064950998962506,0.5244998773731383,-0.5735218966738106,1.4097877586664187,-0.5468728009102883,1.362534155293233,0.013855119992471536,-0.566946709513841,0.9645503592462527,1.3329883472989503,0.0,0.2513473064148134,0.4743513236797669,-0.566946709513841,0.6910436308238491,-0.9363558638798718,-0.566946709513841,0.7991733220752953,1.4001224682458113,0.0,0.22038851200731305,0.3297374300407945,0.0,0.6709875858957005,0.42954018144681555,0.0,0.3389292363058267,-0.16478370267076597,0.0,1.1696627815956027,-0.8938900502334594,0.0,-0.25540947232451827,0.6196374448886289,0.0,0.9795468319589485,1.906148000409429,0.0,1.9437291449562195,0.40242318812698163,0.0,0.32597471979809,2.250392535232863,0.0,2.0596933845505276,0.8483643211398536,0.0,1.0390109598009698,0.947057702724115,0.0,0.4386765363764117,1.423790551007118,0.0,1.196148592503456,1.5646100076455938,0.0,0.5855281394852835,1.0008537286549692,0.0,0.7401580047364936,-0.5363862535928554,0.0,-0.6517602977922182,0.9876472264060548,0.0,0.8085657928775033
Juliet,3,0,-1.625946762766312,-0.5218332024945121,-1.2722486546698557,0.3898023450100706,-0.5423735443094563,0.4086367322954329,0.2260558338671202,-0.5471000811765304,0.8702792795096111,-0.3483931186014138,0.5088253758066017,0.011146841408100412,0.31252340364490866,-0.5421463903963781,0.4382534330032158,-0.7044970292749342,-0.5480313080634654,-0.0011524367359494313,0.22150800622603456,-0.536599432538535,-0.05106428545802716,1.3534283458224263,-0.5519369519520001,0.5440993022711034,-0.6530504128176311,0.4567950904736171,0.16936934587852528,1.1761887033939609,-0.5448555961074332,0.34330478847223583,-0.3867689529533407,0.5036753153591301,-0.8955474171722525,0.08486918002437557,-0.5381715887040436,0.9698726382963221,1.0716166600254518,-0.4920756669812765,0.6777365051634625,0.3469584136154237,0.5416500576999419,0.07541103248529175,0.5364280769022326,-0.5369048334187074,0.40283121855476495,0.6026333473830976,-0.1899167700116268,0.3939550570140581,0.2890090321958611,-0.5332509461933772,1.0007543666182992,0.03694851298386468,-0.5383512701820958,-0.0448928625464292,-1.0898051816643588,0.5303682322413739,-1.813630597444488,0.7739419388630796,-0.5462900879576444,1.3309880608796867,-0.9982104216057038,-0.2764015287262241,-0.7020601714655135,0.09413927396383205,-0.5311704907664675,-0.32950941035521925,-0.13994974734082988,-0.5194420102577574,-0.44617333970766426,0.197085664780514,0.5276826993160222,0.529899079132889,-0.1874889258441326,-0.5333808021932807,-0.5212866581117653,-0.1809708217396422,-0.1978857723548905,-1.0121415739546888,0.06279834092413132,-0.5421828343222987,0.3486830187486292,1.40844111840287,-0.5523043370486485,2.0433094460505723,-0.27479790227859346,0.5244998773731383,-0.14727612903718862,0.8936602923404979,-0.5468728009102883,0.8910838312710089,0.5053530575587305,-0.566946709513841,1.1614248774440465,-0.009828719047817507,0.0,-0.3851495686751293,0.4837660780698737,-0.566946709513841,0.7888325929576879,1.1234851631499634,-0.566946709513841,2.104672562601078,-0.40297979476383033,0.0,-0.375451025432031,1.608011611952892,0.0,0.600982156720565,-0.09653018468670116,0.0,1.1253283400044856,1.089447145974812,0.0,0.40101528907773454,1.3808807848789677,0.0,-1.2721909275160392,-0.22743488733921552,0.0,1.1247808695599057,1.1751704985395757,0.0,1.4725945125138256,0.631841797296265,0.0,0.3315774835806799,1.2408186944375357,0.0,1.3313919196864783,0.5643399443027404,0.0,0.6692916058064993,0.43250778931191175,0.0,0.2853996216353658,0.9050695333170281,0.0,0.303523348240738,1.4153791836563012,0.0,0.779207544325739,1.0577040249836893,0.0,0.6884571169520824,-0.9534598506287888,0.0,-0.5246588001131657,1.29772354041876,0.0,0.7071046378697995
Juliet,4,0,-1.5747563139933347,-0.5218332024945121,-1.1574417308108826,0.6565348621027655,-0.5423735443094563,0.560753843930068,-0.060610080347635376,-0.5471000811765304,1.4360355983165707,-0.4591634792416973,0.5088253758066017,0.25766849858054064,0.2187478274738882,-0.5421463903963781,0.5881979985931971,-0.1566933003520957,-0.5480313080634654,0.6565796149882354,0.3055869515488198,-0.536599432538535,0.2949226843073258,1.467196181947768,-0.5519369519520001,1.0671757104085626,-0.4708783662488125,0.4567950904736171,0.16184439982933738,1.1726176757869986,-0.5448555961074332,0.7329118840791942,-0.9139508604256984,0.5036753153591301,-0.9366484705752474,0.2937788918001572,-0.5381715887040436,1.0260711735283525,1.141650268203548,-0.4920756669812765,1.011496302200096,0.3659648981650509,0.5416500576999419,0.08236260768046783,0.5733509421075353,-0.5369048334187074,0.615429713203443,-0.09217055186818811,-0.1899167700116268,0.09736205776242826,0.38498220303202507,-0.5332509461933772,0.9569161114331656,-0.3367818062506556,-0.5383512701820958,-0.10214915263736862,-1.1801905364803238,0.5303682322413739,-1.5743816356367637,0.6512773317996072,-0.5462900879576444,1.13002721494347,-0.6585165737934172,-0.2764015287262241,-0.48446377177167677,-0.05591727220889027,-0.5311704907664675,-0.2296569355616295,-0.4952372536013204,-0.5194420102577574,-0.3525699038052404,0.3057131468354012,0.5276826993160222,0.6109097339271317,-0.4382959014943828,-0.5333808021932807,-0.5400115058145806,-0.06428240863946852,-0.1978857723548905,-0.8815711451457694,0.3565414901142454,-0.5421828343222987,0.22613989739950272,1.397356098858238,-0.5523043370486485,1.564451222344239,-0.3113265273396487,0.5244998773731383,0.10313871002755352,0.9100276340751582,-0.5468728009102883,0.5315864960787243,0.773877033413063,-0.566946709513841,1.109577240399871,-1.1560524632181675,0.0,-0.4155752948489495,0.480685973823751,-0.566946709513841,0.7727085125422053,1.6216434170627732,-0.566946709513841,1.9219063291597478,-0.8455444189011848,0.0,-0.29429150992500136,1.3241596168380818,0.0,0.8573051876562657,0.34934429339915807,0.0,1.6232513608727672,0.918201534050685,0.0,0.6576917709996445,0.8441342588791323,0.0,-1.4179047168099919,0.08143632550343283,0.0,1.3994535648894357,0.34908173738436704,0.0,0.48111674176486185,0.8686309020663988,0.0,0.07545276071667666,0.6019790580654946,0.0,0.294464674162055,-0.21874864130137928,0.0,0.17208792071957046,0.6672242192567883,0.0,0.04412924372198795,0.4773246144532251,0.0,1.4214786325461002,0.7139777362204963,0.0,0.1775342636282338,-0.07737142607231083,0.0,0.7112249554618679,-1.6177749800175993,0.0,-0.394273220437975,1.0136679772478083,0.0,0.6490249389899015
Juliet,6,0,-1.0080734210960918,-0.5218332024945121,0.13050112755041904,0.5984380991979098,-0.5423735443094563,0.7652983714998689,0.04041023125927339,-0.5471000811765304,1.1182461344524897,0.15119595100252384,0.5088253758066017,-0.25105366593163225,-0.06101314989784727,-0.5421463903963781,0.7128037462405213,0.7621813846408256,-0.5480313080634654,1.196544780350806,0.4396488936598127,-0.536599432538535,0.42907828337931225,0.8279620505596594,-0.5519369519520001,0.6174888958812574,-0.05842017352343344,0.4567950904736171,0.16305288753203745,0.5721474549957716,-0.5448555961074332,0.39980765300679955,-0.2443355924094413,0.5036753153591301,0.4653745814177502,0.719628454349114,-0.5381715887040436,0.985188781022211,1.0516427569472684,-0.4920756669812765,0.8897607843483416,0.1712140382908167,0.5416500576999419,0.13638424677651598,0.6125160679964943,-0.5369048334187074,0.5112446679251678,-1.8795007208917318,-0.1899167700116268,-0.7276457698114613,0.060178746849743676,-0.5332509461933772,1.4547172954930372,-0.9646657195491616,-0.5383512701820958,0.8452324293755286,-1.498237612870446,0.5303682322413739,-1.832353611770241,0.5604273307176033,-0.5462900879576444,1.7025052578022977,-1.8335097559644182,-0.2764015287262241,-0.5502888928398086,0.5719359146694538,-0.5311704907664675,0.27182169061476946,0.46714321303080547,-0.5194420102577574,0.31527684299936204,-0.4243713217194592,0.5276826993160222,0.26243575717239853,0.49160964775018534,-0.5333808021932807,-0.05612060566755164,2.1846162132146514,-0.1978857723548905,0.067252959705398,0.7986211943462179,-0.5421828343222987,0.6032562115043932,1.2652761159830517,-0.5523043370486485,1.1094241245229397,-0.38877849318688584,0.5244998773731383,-0.20399173276078253,0.8886517218926199,-0.5468728009102883,0.5703718600861997,-0.08351988936872234,-0.566946709513841,0.5398668642648894,2.318897064580538,0.0,0.8461298619882845,0.27917411583869695,-0.566946709513841,0.5253401007022148,-0.9304935257358273,-0.566946709513841,-0.057893981747333075,1.1582513380021096,0.0,0.5174605003438254,-0.4325483446929785,0.0,-0.9754245695698076,0.5601347733615261,0.0,0.16018866806153081,-0.5837326580810291,0.0,-0.9158958302822925,-1.0829298874937998,0.0,-1.3319889819893882,0.41493433665880186,0.0,0.2532576602224382,1.2395142914906592,0.0,1.6504371821210668,0.8966507572377223,0.0,0.8870333256142584,1.5657282269151171,0.0,2.2408817711264377,0.8464487615672976,0.0,0.8651428202627767,0.42100915932315564,0.0,0.6866639581108368,1.563973820089273,0.0,1.8355413675609824,0.31444241908048987,0.0,0.7607101175611369,0.8596077402581678,0.0,1.2573227328866952,0.05484033872217578,0.0,-0.15293015743111427,0.5095944526052818,0.0,0.8473513616758616
Juliet,7,1,-2.088283038841871,-0.5218332024945121,-1.3405007369962096,1.708768577425849,-0.5423735443094563,1.3980020466061895,0.436447593073921,-0.5471000811765304,1.201092535343985,-0.8285522453072269,0.5088253758066017,-0.23398253480107406,0.6887522980436499,-0.5421463903963781,0.7454932811666615,-0.3379201780794214,-0.5480313080634654,0.7076476905794604,1.1135340091188166,-0.536599432538535,0.47889178798911397,1.2874213958860434,-0.5519369519520001,0.6551704365643256,-0.5009853213094492,0.4567950904736171,-0.38747442340765503,1.0668786788736104,-0.5448555961074332,0.6201894079785993,-0.48748972655528894,0.5036753153591301,-0.24397088367662825,1.1639815421843331,-0.5381715887040436,1.3669748856121418,1.8070906874376873,-0.4920756669812765,0.8133708650517448,-0.23793189659767935,0.5416500576999419,-0.04586515401029461,1.3231372456464345,-0.5369048334187074,0.547686938762915,1.0896098771587202,-0.1899167700116268,0.3075439394566234,0.22215629981909488,-0.5332509461933772,1.7005768273059836,-0.30820549700261296,-0.5383512701820958,1.662652116222131,-0.7699717394721595,0.5303682322413739,-1.9379661494190015,0.3810221599546466,-0.5462900879576444,2.1094449464313083,-0.7688688983403559,-0.2764015287262241,0.2281383671693039,1.5404475295765212,-0.5311704907664675,0.3685722365847718,0.33643905318746303,-0.5194420102577574,-0.07119438062798343,-0.46406351582644834,0.5276826993160222,0.27178185293648516,0.4451299473880294,-0.5333808021932807,-0.20796629657900223,-1.2761002168843274,-0.1978857723548905,-2.3827183883642022,1.4944397685345057,-0.5421828343222987,1.162888745559496,1.4181256376705336,-0.5523043370486485,2.4467868727586293,-0.890055788435032,0.5244998773731383,-0.5389073137248118,1.2707745040252183,-0.5468728009102883,1.3200486432384713,-0.9719036618698852,-0.566946709513841,-0.20325632835198687,2.66126796762218,0.0,1.5805515322360206,0.2774216140891951,-0.566946709513841,0.6416533674547735,-2.4664853848133936,-0.566946709513841,-1.1869192057703375,2.509185885420254,0.0,1.218985103950989,0.15326674940865195,0.0,-0.13489938737388427,0.9040926696881392,0.0,0.37839775843050144,0.08491880089628744,0.0,-0.01960076519813532,-0.6968902215002091,0.0,-0.6097788892273346,0.6696010058291106,0.0,0.3925412720348415,2.326355819448117,0.0,2.3034337417840276,0.043475897175387496,0.0,0.594133033694592,1.7115902565838745,0.0,2.4762467358059905,1.3106811397353457,0.0,0.991663767800843,0.10234835621714855,0.0,0.7306420806223934,2.1632771211581674,0.0,2.2248763958629962,1.3335021309087143,0.0,1.1233588662393745,1.8955937629034185,0.0,1.7741082884431973,0.7627172356250204,0.0,0.22086029571565982,0.7021373243435942,0.0,0.9548556836284753
Juliet,8,0,-1.314801590114792,-0.5218332024945121,-0.6470264742429819,0.9298669189103694,-0.5423735443094563,1.0430956271058833,-0.7836081520017887,-0.5471000811765304,0.34717834676505926,-0.002766086000869029,0.5088253758066017,-0.06664458425180687,-0.4206065517738379,-0.5421463903963781,0.21492883794973128,-0.9854060992612953,-0.5480313080634654,-0.3504282866144485,1.3641616476955214,-0.536599432538535,0.8142805431459025,1.4841186547222396,-0.5519369519520001,0.9399737346011927,-0.6999329133630847,0.4567950904736171,-0.2418949774252386,1.2827737201702132,-0.5448555961074332,0.7799837723941404,-1.1192846841842412,0.5036753153591301,-0.33262017440776487,1.024634849408655,-0.5381715887040436,1.1968474812392493,1.0292259868403435,-0.4920756669812765,0.5331004157100359,-0.29599031136234943,0.5416500576999419,0.09304303164455516,0.835201762713779,-0.5369048334187074,0.30097602305935,0.9420767006350288,-0.1899167700116268,0.0763276599631268,0.11447087496435468,-0.5332509461933772,1.309139465189425,-0.34905710496400194,-0.5383512701820958,1.2565893962864365,-0.542457496454123,0.5303682322413739,-1.367646183461125,0.20301621571552403,-0.5462900879576444,1.5220991585196446,-0.7502209979793554,-0.2764015287262241,0.07370011823471506,1.21957855344757,-0.5311704907664675,0.13345696545487923,0.08611423921312869,-0.5194420102577574,0.04024773027631869,-0.009500201644701308,0.5276826993160222,0.44785316629236843,0.051116607920437894,-0.5333808021932807,-0.2833272790157052,-0.7792905771323767,-0.1978857723548905,-1.8168488634971853,0.7383687103043574,-0.5421828343222987,0.8201858432436485,0.7912360981913938,-0.5523043370486485,1.6537298719369704,-0.31007062634216587,0.5244998773731383,0.10926164265019774,0.5962067253652534,-0.5468728009102883,0.5617571120087556,-0.3896250114569073,-0.566946709513841,-0.18907600784573683,2.354758733335182,0.0,1.2815508480663835,0.4423374594828211,-0.566946709513841,0.5905329589262118,-1.2703933521215376,-0.566946709513841,-1.015332897518622,1.6555513491826233,0.0,1.081365469289336,-0.6969421647795245,0.0,0.11573565278465094,0.6795230055421614,0.0,0.23371492174102088,-0.32853570095094486,0.0,-0.05402724405410666,-0.8530209102406501,0.0,0.06784242047339623,0.44158540523683953,0.0,-0.08257098708652715,2.15188677794844,0.0,2.617981631885743,-0.3238874012485043,0.0,0.40173163313225624,1.4734054160486034,0.0,2.4705294878795994,1.8360553229577434,0.0,1.5828186477593873,-0.5691646599816281,0.0,0.2605019468887461,0.8685204289612755,0.0,2.154004495911014,0.669576480502438,0.0,0.9111151268280154,1.1524954711043316,0.0,1.8370040409845212,0.5808840177699911,0.0,-0.3347460289684822,0.3499217027480934,0.0,1.2993949252707435
Juliet,9,0,-1.6765069561925425,-0.5218332024945121,-1.1939724295877,1.111497131055596,-0.5423735443094563,0.859526656756238,-0.03901529800317788,-0.5471000811765304,0.9611152627700015,-0.49298401721011637,0.5088253758066017,0.17870669185712854,0.24889786895420685,-0.5421463903963781,0.39014428503387283,-0.8608073030938149,-0.5480313080634654,0.11390178925749248,1.2564738913905305,-0.536599432538535,0.5339482011727898,1.2767402064556708,-0.5519369519520001,0.5185255958523624,-0.7092125493634802,0.4567950904736171,0.05430302460459815,1.149801552290774,-0.5448555961074332,0.3646207837380899,-0.5495082409364198,0.5036753153591301,-0.15674591035373212,1.0480711629668813,-0.5381715887040436,1.1221395610756177,1.6389018688728068,-0.4920756669812765,0.5511594989482971,-0.13595486380638883,0.5416500576999419,-0.35145088232822164,1.159391793847805,-0.5369048334187074,0.5220403901654468,1.2411687545967964,-0.1899167700116268,0.14869989662432767,0.48175055461015776,-0.5332509461933772,1.4132705029432033,-0.0008136593841219841,-0.5383512701820958,-0.17604474084073835,-1.0689682202333983,0.5303682322413739,-1.7590496657107177,0.7407682533628883,-0.5462900879576444,1.2377017042542986,-1.2073435651628641,-0.2764015287262241,-1.1875076960571747,1.4617087813257483,-0.5311704907664675,0.22634539442670684,-0.10935445747758904,-0.5194420102577574,-0.24425490039094372,-0.7508879006274868,0.5276826993160222,0.3297488827759163,0.373657298172987,-0.5333808021932807,-0.3118076571482133,-1.3151800274077374,-0.1978857723548905,-2.482272827982193,1.2831658354888063,-0.5421828343222987,0.798765633927377,1.5910114701049842,-0.5523043370486485,1.7372318846975268,-0.808646752457251,0.5244998773731383,-0.45775713137281876,1.3108333982152454,-0.5468728009102883,0.9896719221547583,0.5443903144654629,-0.566946709513841,0.930352578020983,-0.5247623294497543,0.0,-0.12676603613284396,0.45253629679348495,-0.566946709513841,0.7709608064662605,1.2252329727871993,-0.566946709513841,1.6629647567976669,-0.5304846012193194,0.0,-0.15974767133304335,-0.023862540300719614,0.0,-0.532536700953276,0.16103405668635248,0.0,1.1031709971086283,0.3344944606077866,0.0,0.2742717089125735,-0.06283673203600919,0.0,-1.4747041217614063,0.34606634723891844,0.0,1.1719413727918295,-0.10576672852357036,0.0,0.4106881552260151,0.32335158503306016,0.0,0.2621481307426133,-0.16197442134093737,0.0,0.48986221759344434,-0.2162767549982079,0.0,0.14682950462832597,0.07597496300287979,0.0,0.1834915255101308,1.1314788616962885,0.0,1.5436166745669224,1.7414715228020068,0.0,1.262784690014633,0.8971820496303107,0.0,1.2034313323228523,-0.8339309194366135,0.0,-0.8766607104074494,1.1173118705847616,0.0,1.2137231003191675
Juliet,10,1,-2.2502715896372742,-0.5218332024945121,-2.2383033760045032,-0.07967992762970202,-0.5423735443094563,0.4381654921833317,-0.5607801960256437,-0.5471000811765304,0.31856431064953195,0.033247878561051665,0.5088253758066017,-0.6321146586132946,-0.3202897043073304,-0.5421463903963781,0.51925340901286,-0.29517810159283414,-0.5480313080634654,-0.3668777671815877,-0.0391265018422837,-0.536599432538535,0.02388641989186972,1.4755484691088872,-0.5519369519520001,0.8208940050789102,-0.30138588122816584,0.4567950904736171,-0.02029303289951887,1.1048943541655898,-0.5448555961074332,0.6143994307117211,-0.3909979550929007,0.5036753153591301,-0.05268669938054173,-0.17601387270127608,-0.5381715887040436,0.08594847067081592,0.8331490047725935,-0.4920756669812765,0.3526865895293315,0.5548755154756851,0.5416500576999419,0.42648842928367353,0.272054708986538,-0.5369048334187074,0.027212596243305562,0.7953042545154514,-0.1899167700116268,1.2131837389302813,-0.4805026295071968,-0.5332509461933772,0.15129206382769325,-0.5402849443476556,-0.5383512701820958,-0.3782132378058106,-0.5350554665656151,0.5303682322413739,-0.7136655119754554,0.10305378184860589,-0.5462900879576444,0.3789020746796358,-0.1316704718211257,-0.2764015287262241,-0.1610132664472556,0.27847165964580634,-0.5311704907664675,-0.0707221481582681,0.3879421097606453,-0.5194420102577574,0.04710976906795754,0.05226184649516405,0.5276826993160222,0.24919153390000984,0.1756353132228369,-0.5333808021932807,-0.14833472590109992,0.3977834280067704,-0.1978857723548905,-1.1036360946417894,-0.038444235951518864,-0.5421828343222987,0.22024049586308722,0.983967989126698,-0.5523043370486485,1.1088711797626791,-0.32332260844344063,0.5244998773731383,0.1002108365302827,0.7037677474705027,-0.5468728009102883,0.35786765525166564,0.4475883605726852,-0.566946709513841,0.8408698985280048,-0.044449541204608485,0.0,0.530487446879849,0.22290529368207698,-0.566946709513841,0.7052102497723564,0.411071835601255,-0.566946709513841,0.17867496341216746,-0.09177940104851132,0.0,0.5598098534837235,-0.27104311928984404,0.0,0.7381142567012534,0.07570373480856092,0.0,-0.35608646770690205,-0.836308750935792,0.0,0.7431746369170039,-0.744775806683868,0.0,0.7875382243401181,-0.09473821298041428,0.0,-0.010188797114268905,0.8680046369864748,0.0,1.9004291193590093,-0.7786152052467845,0.0,0.2875629209749051,1.1294938184411505,0.0,2.356696878236962,1.3826943523402384,0.0,1.4876948235369993,-0.4132817194150402,0.0,0.2660181569592867,1.9520603220187716,0.0,1.5656535543054377,1.0070289096451606,0.0,1.0475201310875428,1.4064099464782065,0.0,1.2672952247054516,-0.32501188448004803,0.0,-0.5580458635886028,1.106207136770853,0.0,1.0767905040247905
Juliet,11,0,-1.3455814567906632,-0.5218332024945121,-0.7670949720552038,0.8519394624599891,-0.5423735443094563,0.9817955103283997,-0.0835092265678803,-0.5471000811765304,1.1871574897931336,0.20094637547769265,0.5088253758066017,-0.10533656990633575,-0.15500617305935072,-0.5421463903963781,0.665815364996331,-0.45904217426575444,-0.5480313080634654,0.331422664830017,0.7318577319353973,-0.536599432538535,0.2847272191568441,1.2313672613121216,-0.5519369519520001,0.3553358558951333,-0.4750335571667509,0.4567950904736171,-0.19447315794197878,1.0186384411590188,-0.5448555961074332,0.3308821731274942,-0.7587478392014995,0.5036753153591301,-0.6918254880841576,0.8478802209246369,-0.5381715887040436,1.2066701660479602,1.637684324969244,-0.4920756669812765,0.4818914016664582,-0.4561265315424193,0.5416500576999419,-0.38851304628001126,1.321406034236861,-0.5369048334187074,0.49469690279785894,0.7274041080009707,-0.1899167700116268,-0.12992367023108578,0.25697592464142166,-0.5332509461933772,1.3500244120140905,-0.2950213047984718,-0.5383512701820958,0.6555787972350297,-0.9712169885997868,0.5303682322413739,-1.772001733983469,0.5270941129724029,-0.5462900879576444,1.581424385868173,-0.5681813629779917,-0.2764015287262241,0.3154401702722742,1.044613886966821,-0.5311704907664675,-0.08664800457054964,0.15886348307528725,-0.5194420102577574,-0.2169914214372139,-0.218764216154101,0.5276826993160222,0.5800106025088926,0.20997803100830117,-0.5333808021932807,-0.4683334413880318,-1.0416587662649275,-0.1978857723548905,-1.965454528252874,0.8570296293922833,-0.5421828343222987,0.880060146021112,1.0361113608026622,-0.5523043370486485,1.7261165493474244,-0.7442650479731976,0.5244998773731383,-0.37431858247948263,0.9852886779902231,-0.5468728009102883,0.9271551964992515,0.49357686151927876,-0.566946709513841,0.8934910593093939,0.2661396691907613,0.0,0.5485138066681381,0.4769662132690509,-0.566946709513841,0.7797095807139177,0.5724607030041405,-0.566946709513841,1.1720738799449009,0.07417260575197046,0.0,0.10649714534988987,-0.242616361835264,0.0,-0.7168546706017733,1.3624017650264104,0.0,1.6683892020345459,0.7681772875599135,0.0,0.7618103837575585,-0.5045527273455106,0.0,-1.4420384372406985,1.102521007104449,0.0,1.4875800227195615,0.2166655037268874,0.0,0.5176538209071225,-0.21586709231080067,0.0,-0.14658843709031746,-0.34772033731602364,0.0,0.03132036210074538,-0.04341066609451697,0.0,0.30185277704187474,-0.22775424549380954,0.0,-0.2191340534260508,0.028069703497097153,0.0,0.5536157982900647,1.576958078401949,0.0,1.4106328577731917,0.732918930162177,0.0,1.7028780510749382,-1.9289307575598735,0.0,-0.9221438139617132,1.732395895276605,0.0,1.541899179011726
Juliet,12,0,-1.809605025205495,-0.5218332024945121,-1.4525212290733633,0.36108403654104143,-0.5423735443094563,0.5489147142059421,-0.6516891700723768,-0.5471000811765304,0.41711484527320675,-0.012377819193372925,0.5088253758066017,-0.22795016634976017,-0.34428071425926127,-0.5421463903963781,0.3416333415749144,-0.7792128672201485,-0.5480313080634654,-0.15735217838787507,0.11074183731106926,-0.536599432538535,0.19333003845550487,1.4585513853770546,-0.5519369519520001,0.7678787575290184,-0.3815547613270089,0.4567950904736171,-0.5950209359042234,1.1283093037786311,-0.5448555961074332,0.7761453256403774,-0.6473157854604661,0.5036753153591301,-1.1675940947309815,-0.10069464258676224,-0.5381715887040436,0.49307468902759627,1.098323425260979,-0.4920756669812765,0.18672279405551315,-0.11474436699391506,0.5416500576999419,-0.2548813703298352,0.7889945290931093,-0.5369048334187074,0.24083553964658347,0.8376443775205898,-0.1899167700116268,0.5541210507731575,-0.4808902277792776,-0.5332509461933772,0.5540256919188091,-0.692660676009718,-0.5383512701820958,0.47652626817383736,-0.8871895473575118,0.5303682322413739,-1.4776381492811277,0.27164342369938327,-0.5462900879576444,1.2905386572564996,-0.7539448761167176,-0.2764015287262241,-0.6817526835227603,0.45122560978682213,-0.5311704907664675,-0.16171569557588614,0.6591573538533659,-0.5194420102577574,0.06190088304004653,-0.49500462603290274,0.5276826993160222,0.12440289564450645,0.6340129557125638,-0.5333808021932807,-0.059590617868099306,-0.02421741804633126,-0.1978857723548905,-0.750028299684954,0.50537361427638,-0.5421828343222987,0.35246715893172376,1.0295621180008934,-0.5523043370486485,1.4868566646348407,-0.46920617818543,0.5244998773731383,-0.023432032480934884,0.8155485160805276,-0.5468728009102883,0.5899793231593023,0.6760627088465065,-0.566946709513841,1.2418539263897552,-0.48542235462359695,0.0,-0.4690000693559019,0.4822378215251681,-0.566946709513841,0.7473793063384014,1.390472867283053,-0.566946709513841,2.125911001023044,-0.640023522030896,0.0,-0.42504853584305363,0.8597482631980318,0.0,0.6051949769582718,-0.4656526928272705,0.0,0.00923432975748686,0.6111724130571957,0.0,0.3507846922497003,0.5425737423572455,0.0,-0.40339053544016895,0.07069246776206098,0.0,0.511408559377885,0.38873310103472064,0.0,0.5991105405923066,0.7080196414175495,0.0,0.8856293390913916,1.0107601850117292,0.0,1.383972412502333,-0.5398583751317548,0.0,-0.5250503863428143,1.280564360768776,0.0,1.2603256552557047,1.0425669008947833,0.0,0.5190801299699287,2.0509982207708064,0.0,1.1444326650715493,1.2097440617218056,0.0,0.7597969048873852,-1.1644600317083824,0.0,-0.6300334281845343,1.5328424027898973,0.0,0.8085033850961144
Juliet,13,0,-1.8723324679408029,-0.5218332024945121,-1.405091236532936,0.14222285092450487,-0.5423735443094563,0.38125098127008505,-0.09664475819289678,-0.5471000811765304,1.1947215149397825,0.3334351726932899,0.5088253758066017,-0.06832614891621334,-0.23462142841004333,-0.5421463903963781,0.6488041896375392,-0.22227594677080842,-0.5480313080634654,0.47227875656824037,0.16285065846176805,-0.536599432538535,0.22485888129916712,0.9927382607497269,-0.5519369519520001,0.7021701204089633,-0.694946935114878,0.4567950904736171,-0.48195907933588916,0.9560421239128373,-0.5448555961074332,0.6879988803063993,-0.3206285295321595,0.5036753153591301,-0.26126597872997365,0.2778903991240498,-0.5381715887040436,0.9209779413231237,1.2988135402008987,-0.4920756669812765,0.4743914250725161,-2.5128049642611603,0.5416500576999419,-0.28502267260223046,2.141907541410908,-0.5369048334187074,0.441095664876407,1.2700900796297654,-0.1899167700116268,1.5409515901456186,0.31555350521181463,-0.5332509461933772,0.7404613242785396,0.05818657998414568,-0.5383512701820958,0.11099058614202217,-1.1747316569579898,0.5303682322413739,-1.3061392387554105,0.843357914061073,-0.5462900879576444,1.0161266978405747,-0.8905018807906083,-0.2764015287262241,-1.2465303110350467,0.33922755284922107,-0.5311704907664675,-0.11846347717784024,-0.45673084186225793,-0.5194420102577574,-0.019373881797980812,-0.5844375759963054,0.5276826993160222,0.1453142673301406,0.09380618887464376,-0.5333808021932807,-0.1041510610784922,-0.3718852098280542,-0.1978857723548905,-1.1938242332460463,0.6639606916197408,-0.5421828343222987,0.21286328272807292,0.9675816619209414,-0.5523043370486485,0.9916156794050779,-0.710600449892759,0.5244998773731383,-0.08539422511270055,0.9295324710831135,-0.5468728009102883,0.44215705542038525,0.3362678127920805,-0.566946709513841,0.9710128077317983,1.266568619640929,0.0,-0.4619014359314751,0.4720493214975701,-0.566946709513841,0.7353754907900607,-0.6018159417917053,-0.566946709513841,1.9158651030876164,1.1026334016149528,0.0,-0.32572435281881396,-0.009651812361453287,0.0,1.2383720009069557,1.3342799087085908,0.0,0.6304709646579759,0.02381186477345128,0.0,0.5605583379078453,-1.1037616775682713,0.0,-0.24801411920929298,0.9637889831803623,0.0,0.55310028020447,0.8948356147149717,0.0,1.8010968293304028,-0.7274766885061654,0.0,1.0570533571988305,0.37779524725141744,0.0,1.7972489340114384,0.5561102854830883,0.0,0.21024525966931262,-0.22517935313868898,0.0,0.9324858433458523,1.4181097645853773,0.0,0.09249868280674636,1.2896740477455388,0.0,0.3127661811615588,1.4215426258867556,0.0,0.4002819904864686,-0.6220480891282273,0.0,-1.1495097297639,1.3109467677669602,0.0,0.8767743513250824
Juliet,14,0,-1.8055003764134607,-0.5218332024945121,-1.4095524345793096,0.8534033422979099,-0.5423735443094563,0.7017460672718611,-0.3268858948994517,-0.5471000811765304,0.37144354175648875,-0.44067831928524753,0.5088253758066017,-0.4475175169130641,0.0651871414163628,-0.5421463903963781,0.44214636795484014,-0.5787515049991746,-0.5480313080634654,0.375995671745152,0.6090260524904233,-0.536599432538535,0.3735266052784737,1.2265679728755103,-0.5519369519520001,0.474679205776993,-0.292229105895062,0.4567950904736171,-0.04864569277030342,0.9364756510652276,-0.5448555961074332,0.36818130965605744,-1.4999168067288497,0.5036753153591301,-1.359909590551073,0.8442592437832549,-0.5381715887040436,1.2581818521846644,1.493266294406378,-0.4920756669812765,0.49061903103810833,-0.2556570784359742,0.5416500576999419,-0.7836131830495481,1.1233851006567719,-0.5369048334187074,0.6864582627394369,0.5427635452336461,-0.1899167700116268,0.7083139739723942,0.6462382747451355,-0.5332509461933772,1.2383847787458429,0.31325227057823596,-0.5383512701820958,0.3345929040744995,-1.2029195200977432,0.5303682322413739,-1.3893672611957708,0.9893895580782743,-0.5462900879576444,1.1678616325647004,-1.7438993018068274,-0.2764015287262241,-1.7541018139689903,0.827592112813313,-0.5311704907664675,0.14189650971636605,-0.1874271994572219,-0.5194420102577574,-0.31821720662172776,-0.5376756614731931,0.5276826993160222,0.12251685024410869,0.20970392596385223,-0.5333808021932807,-0.2015563741205494,0.33176169858053456,-0.1978857723548905,-0.883688202884333,0.7342821094802815,-0.5421828343222987,0.5660949551710243,1.0455854307922807,-0.5523043370486485,1.1769211365696461,-0.7260150377280233,0.5244998773731383,-0.6655607625428653,0.9791443103706572,-0.5468728009102883,0.9185227809363309,0.8305713289053372,-0.566946709513841,1.2479298240240817,-1.07377523384335,0.0,-0.5548039626987289,0.441240267641968,-0.566946709513841,0.707886013117167,1.1000586323033836,-0.566946709513841,1.9366701942509006,-0.43391773641418957,0.0,-0.3621488260008326,1.057970500589028,0.0,0.3121740516429988,-0.23643268588752167,0.0,0.8193351461147679,0.5439890885930337,0.0,0.27310727746020974,1.1226446665801855,0.0,-0.7943197999114034,-0.4836038360091874,0.0,0.7180074662703944,0.3963424844442777,0.0,0.5834149188637244,0.7153208862139252,0.0,0.7303099925874719,0.4127975659692125,0.0,0.8370587907254788,-0.0066314494509996085,0.0,-0.058159958178839136,0.32439583500215474,0.0,0.5575069949616813,0.18094397811368335,0.0,0.09410818359011974,1.6724319075563798,0.0,1.032979015604572,0.3652211079574947,0.0,0.7323657220940795,-2.0730130736169365,0.0,-1.085267607755058,1.5936592286311997,0.0,1.042879721196239
Juliet,15,0,-1.8363907444845047,-0.5218332024945121,-1.5860128035574965,0.7267055222918825,-0.5423735443094563,0.7882440132059573,-0.7913579309576725,-0.5471000811765304,0.6293198239706183,-0.8137115052037008,0.5088253758066017,-0.8367629254704297,0.01922158978874812,-0.5421463903963781,0.793415258771713,0.06557195966258458,-0.5480313080634654,0.756837338361343,0.44126987850241417,-0.536599432538535,0.3984849016390792,1.1562366272107136,-0.5519369519520001,0.6507084992908118,-0.1625799334694195,0.4567950904736171,0.016770967149813288,0.8339954533888312,-0.5448555961074332,0.47553463664416584,-1.0263178539414555,0.5036753153591301,-0.6006772647630827,0.721429169726536,-0.5381715887040436,1.3317393939607054,1.3412092789996384,-0.4920756669812765,0.536369598886063,0.029776567807840534,0.5416500576999419,-0.6343849818428492,0.8770736860767546,-0.5369048334187074,0.6457537200004615,-0.3230929820076024,-0.1899167700116268,0.4852494129571688,1.0539602742349095,-0.5332509461933772,1.180814236627232,0.7379074805688202,-0.5383512701820958,0.28810916303253464,-1.2941945234865195,0.5303682322413739,-1.1856654551102295,1.2632625638646326,-0.5462900879576444,0.9976692949451988,-1.2924528490152924,-0.2764015287262241,-1.6168870556406836,0.8122509403300429,-0.5311704907664675,0.21964040443002794,-0.2191827534520574,-0.5194420102577574,0.10318380223744782,-0.8507254344196349,0.5276826993160222,0.031254965828491646,0.3728189078162487,-0.5333808021932807,0.01804682240113111,1.0766836612834572,-0.1978857723548905,-0.15055449784503314,0.7080818382813727,-0.5421828343222987,0.4057080855273094,0.8574856526420159,-0.5523043370486485,0.7591961993955303,-0.6617607725609361,0.5244998773731383,-0.4306654715950886,0.8431292497049606,-0.5468728009102883,0.5934410503385725,0.7411996866141666,-0.566946709513841,1.1676036337897562,-0.34802417903380295,0.0,-0.35724381549390327,0.46621241153321447,-0.566946709513841,0.7685137763811931,0.5774946987712073,-0.566946709513841,1.5760442732434752,0.05669614970976371,0.0,-0.11630918236447173,1.3229696642408038,0.0,0.7472809923268828,-0.057142202128936316,0.0,0.8554967701569482,1.1359665739578098,0.0,0.6457059384505242,1.0463946808018862,0.0,-0.49701367131416413,0.09898892876745155,0.0,0.777856181754554,0.16361193116634154,0.0,0.37852264941650876,1.0155678726837627,0.0,0.8383235860379334,0.2999963934044136,0.0,0.6611318045233305,-0.6989797625924573,0.0,-0.33571413343111706,0.8803843842866358,0.0,0.6690790066893901,-0.7970409054213906,0.0,-0.13207893811500732,1.0545404208000422,0.0,1.0630141545619727,-0.3127281642704367,0.0,0.6968690782267661,-2.0265959892843424,0.0,-1.4553478262947828,1.1328494834269724,0.0,1.2254061839292412
Juliet,16,0,-1.7778572227942937,-0.5218332024945121,-1.5817966381010662,0.038243767154143946,-0.5423735443094563,0.46072583513138304,0.2111073386743023,-0.5471000811765304,1.2721391719403101,0.27188591795877237,0.5088253758066017,-0.2909474422039955,-0.03513979326107543,-0.5421463903963781,0.8139138338477264,-0.9492892333237967,-0.5480313080634654,-0.30901048641591583,-0.0198151184907554,-0.536599432538535,0.04865885888017533,0.960676946418721,-0.5519369519520001,0.5505361530924878,-0.07978387136947929,0.4567950904736171,-0.18182110317255876,0.6690427215755221,-0.5448555961074332,0.4708687220790002,-0.9312511443832131,0.5036753153591301,-0.9513762138585236,0.47340153081976305,-0.5381715887040436,1.1781898047415065,1.5093323408898727,-0.4920756669812765,1.4001033134241414,0.3237125972112037,0.5416500576999419,-0.5293168065043832,0.8394327071353057,-0.5369048334187074,1.154916082198155,0.45610559629945446,-0.1899167700116268,0.5095659039544066,0.38629246510297266,-0.5332509461933772,0.9104547283550531,0.47144330469311435,-0.5383512701820958,0.2421542595736157,-1.154967424887823,0.5303682322413739,-1.507351948194577,1.0345890637619652,-0.5462900879576444,1.2184861036718297,-0.9020253109697722,-0.2764015287262241,-0.38532449138393204,0.585153573354829,-0.5311704907664675,-0.22281928360740172,-0.13054447673660308,-0.5194420102577574,-0.23462290998373564,-1.076548513386376,0.5276826993160222,0.23321115577300836,0.5496229711571107,-0.5333808021932807,-0.24383652844928938,0.06351338373829722,-0.1978857723548905,-0.8505061950483253,0.08668823333341814,-0.5421828343222987,0.2537306896656582,1.4160941489915455,-0.5523043370486485,1.6384018538008436,-1.126245140506702,0.5244998773731383,-0.4487417814949859,1.4125741646199999,-0.5468728009102883,0.9452519923111392,0.6646888508799768,-0.566946709513841,0.5878089773281618,-0.5306373611951022,0.0,0.7777966053314712,0.4777773208010521,-0.566946709513841,0.7837751419325685,1.7271921374780912,-0.566946709513841,0.9488431602889043,-0.9420501665709814,0.0,0.22765167862404118,0.7440332875238981,0.0,0.48582458923859884,-0.07279158086019599,0.0,0.8784429797347552,0.6883806512631121,0.0,0.5059924817917517,0.3603491758950752,0.0,-1.2282581161957007,0.2938601614546807,0.0,1.1681699724456718,0.6281875480229324,0.0,0.6159608118964788,0.12142217014671854,0.0,0.016765650161226355,0.1306742356767379,0.0,0.2639411443167898,-0.011393295881187019,0.0,0.16719306883086896,0.111320931122157,0.0,0.02933765812809804,1.6551350858666152,0.0,2.3572199779910585,1.4270043339747107,0.0,1.5860804544450098,1.2335762167062976,0.0,1.7642291273259758,-0.7748771164327548,0.0,-0.7273921439344719,1.292037559593263,0.0,1.4717417590806168
Juliet,17,0,-1.047949019493141,-0.5218332024945121,-1.0150051088212153,0.7315138162562652,-0.5423735443094563,0.46012016695356334,0.6267997800952108,-0.5471000811765304,0.8801102896542357,0.10977878852138388,0.5088253758066017,-0.07772436947128768,0.2775448148271615,-0.5421463903963781,0.49340094308059335,-1.0962696515990775,-0.5480313080634654,0.3473966268387858,0.7837459211017772,-0.536599432538535,0.7983352497964895,1.1410863594534204,-0.5519369519520001,0.8324275713920868,-0.4484627966576176,0.4567950904736171,-0.27198007158824283,0.9475225297897465,-0.5448555961074332,0.7109402721621121,-1.0932293996767386,0.5036753153591301,-0.5555695100396669,1.2226958080282602,-0.5381715887040436,1.8207373870913266,1.2943247989186097,-0.4920756669812765,1.1344305224030191,0.4408448844806825,0.5416500576999419,-0.2577621069399578,0.6368346498040265,-0.5369048334187074,0.8551621679690227,0.7366146389914465,-0.1899167700116268,-0.17435003735241925,1.4044597691524403,-0.5332509461933772,1.5911445861569538,0.6705472749148834,-0.5383512701820958,0.14225079851924433,-1.4089073144012159,0.5303682322413739,-1.257179764878344,1.3093949168294652,-0.5462900879576444,0.9922676245990222,-0.9765498115007277,-0.2764015287262241,0.3243417605271991,1.6453815131725575,-0.5311704907664675,0.526503214896783,-0.4114747616693685,-0.5194420102577574,0.41460864345713694,-2.675468485305064,0.5276826993160222,-0.7084453817195182,1.3197909333003972,-0.5333808021932807,0.6283938213232143,-1.453261466536598,-0.1978857723548905,-2.352406146253242,0.27908862333357987,-0.5421828343222987,0.4682312190261981,1.0833017217974912,-0.5523043370486485,0.8645387953305881,-0.41753114466974994,0.5244998773731383,-0.5839597668424891,0.8120516410124435,-0.5468728009102883,0.7410600580549612,-0.02846056820811391,-0.566946709513841,0.4166648576696452,0.7131052494883819,0.0,0.234468696922416,0.23794157336008567,-0.566946709513841,0.35776133880178307,-0.8164497849798676,-0.566946709513841,-0.09453983583408555,1.0077838611510046,0.0,0.3813766210629488,-1.2750593694036783,0.0,0.5289785694967172,-0.37368304817099557,0.0,0.20098937954721005,-0.8478222292750093,0.0,0.2189950467565088,-0.8761563050483182,0.0,-0.1639557864464441,0.007439890703586124,0.0,0.26074479838702125,-0.04668243599779901,0.0,2.549738932839439,-0.4133368696744796,0.0,-0.23709030649192014,-0.5078555949331042,0.0,1.8391973984215564,0.11115635322253295,0.0,1.715435370478481,-0.49474600363890925,0.0,-0.23004292368458507,-0.011408108311522475,0.0,-0.18971643493282883,2.225232708436573,0.0,2.1942556107459485,0.2688150450692649,0.0,0.8834234235363192,-1.723607081072527,0.0,-1.6639913398452693,1.3029290080905571,0.0,1.4536685341702813
Juliet,18,0,-1.7332447739304666,-0.5218332024945121,-1.4661893020617018,0.8130491469602376,-0.5423735443094563,0.8678777145637374,0.43595950536091865,-0.5471000811765304,1.0501696661213133,-0.40140157050400016,0.5088253758066017,-0.5270468566829432,0.4546189800475723,-0.5421463903963781,0.8336978921213752,-0.9090587731731484,-0.5480313080634654,-0.09488853026597413,0.46369553882530573,-0.536599432538535,0.16283039549221842,1.2002528371886092,-0.5519369519520001,0.5275265734210791,-0.42051078954777693,0.4567950904736171,-0.2554936876952704,0.9745259365643885,-0.5448555961074332,0.4796073952216817,-0.926961877571295,0.5036753153591301,-0.8316881162109164,0.4728765352291767,-0.5381715887040436,1.2758917919811856,1.305416646860895,-0.4920756669812765,1.187654037168221,0.5158940123165391,0.5416500576999419,-0.36643637766005793,0.6060468704656298,-0.5369048334187074,0.9407789507357623,1.707665441276693,-0.1899167700116268,1.0104623550656717,0.29746271536195235,-0.5332509461933772,1.0797109244598948,0.593451274059072,-0.5383512701820958,0.2207182023821328,-1.0179363830967694,0.5303682322413739,-1.6292925992493583,1.000082217670562,-0.5462900879576444,1.3005770292059788,-0.7145298613145039,-0.2764015287262241,-0.23315966976570857,0.8177246855469301,-0.5311704907664675,0.033093927342895096,-0.36093824973514166,-0.5194420102577574,0.4175423467768551,-1.2654668168454541,0.5276826993160222,0.2003549761550701,0.5360702784948569,-0.5333808021932807,0.02378805012785298,-0.34930867469890436,-0.1978857723548905,-1.4729293734041884,0.7476382565643683,-0.5421828343222987,0.6100647243536371,1.763934893009918,-0.5523043370486485,2.3973140824502526,-0.9127718939508715,0.5244998773731383,-0.29421970373151385,1.4631240396424974,-0.5468728009102883,1.1302043605012524,0.6966698980731002,-0.566946709513841,0.9962293915302743,-1.113853785716077,0.0,-0.4102178234293065,0.4486629168286498,-0.566946709513841,0.7574910260532504,1.7241595413205155,-0.566946709513841,1.8717079511188504,-0.9746881048472302,0.0,-0.2820021506101771,0.27095226550971574,0.0,0.3628309170897203,0.05059720970165185,0.0,1.0872929820212092,0.8124819773416146,0.0,0.5268999663799436,0.18836398863040454,0.0,-1.3734515205605118,0.5492695263638808,0.0,1.279335800577571,0.5371003780468762,0.0,0.7442912626398818,0.3953894523465141,0.0,0.6081297455941649,0.30069673333661606,0.0,0.9349673073933518,0.15567779868924256,0.0,-0.13846798692832465,0.08724536671135137,0.0,0.6807406367098846,1.390326120716328,0.0,1.768651243526451,1.1665568337178083,0.0,0.7686543179734417,0.8950210186179002,0.0,1.0044100925988246,-0.870083429639482,0.0,-0.42641247980496505,1.1396901577878948,0.0,0.8446703887400673
Mariel,1,0,0.8273181315557243,1.5922349668281246,-0.5281793874757563,0.017380170323651585,1.4593277366568378,0.04798152151856739,0.5381389023641405,1.5217225223933284,0.8824446690295478,-0.08805802998112697,-2.1683864374040587,-0.15695137568202452,0.33810234088270613,1.9293378264272485,0.5392795609396794,1.0602101224881555,1.9085045678573702,0.7145503918291387,-0.37338649052232886,1.4404078404330674,0.5326544222377817,0.2795766027725503,1.5885326706959508,0.9850373020731054,0.7290600677031948,-1.5172531943756102,-1.2906117699227404,-0.13036634279179465,1.6332529329800605,1.180030337687755,0.8034694266838286,-1.3480587793990833,2.06304776193566,0.3687198731015234,1.7075325319819645,0.9370512341621252,0.3911610661488182,2.4975987588105375,1.5649344827958969,-0.6286077652695563,-1.641336924059872,-1.131762892464171,0.5798934654508746,2.224445489786151,1.5453165988850244,0.14890067015018216,0.7940973278452266,-0.4527160489171785,0.19169315257585567,2.019060286020269,1.034421081683303,1.1433404220963992,1.9231346177789277,-0.07524763903340495,-0.5396604740251927,-1.5745512079162756,-1.2199537727737488,0.9411594231810333,1.8113825108819026,0.8772022431911412,-0.6440804997653051,0.7948937852815112,0.3304417265064059,1.1498468880885864,2.615075207881203,0.7789044406242839,0.7115422675328424,1.8770430291340412,0.6622127600168543,-1.0766994705621493,-2.1441224605272713,-0.30837810236156465,0.9961628206331979,2.0532971767485475,0.4550443874766859,-0.6233350565014207,0.29031129178452914,0.14737022875098935,0.6068908224094182,1.4830361052226755,0.9168322548377471,0.5041185487696269,1.3120154304813902,0.6005252054729988,-0.6282173507325282,-1.458315968016934,-1.5667132292765653,0.640327646438351,1.3910836810373821,1.325028588975064,0.6557120243942898,1.7638342073763942,0.7671571850225217,0.3730832313521439,0.0,1.5336473760947458,0.4660627793608342,1.7638342073763942,0.7876816096104471,-0.09607848474070736,1.7638342073763942,-2.1158909905515912,0.6498673649396012,0.0,1.842859191858988,0.24144085427386033,0.0,0.3364154705836499,-0.37433824292113577,0.0,0.6285428765747811,-0.056313284162597524,0.0,0.5578468010319825,-0.4074361374200576,0.0,-1.148121307868689,0.2988605538439929,0.0,1.1506847676164123,-0.7122625559724953,0.0,-0.16828552379769954,0.5201446057800247,0.0,0.9553415213950094,-0.8671313311032565,0.0,0.25332870262710083,-0.9571587708435736,0.0,-0.8940544139131568,0.22037030770773058,0.0,0.8605790552372818,-0.9997132385859638,0.0,1.0330778260399127,0.880059373362734,0.0,0.6645251552757594,-0.2926642829316831,0.0,1.3152940278997491,-1.3175656538108507,0.0,0.2356270872475219,0.6797955863040371,0.0,0.668275419931517
Mariel,2,0,0.6141488484676431,1.5500945522453706,-1.3812840371972388,-0.14677707389771139,1.5431191614597168,0.0014994123889259224,1.1010847206282977,1.8702029248617011,0.8368133672157292,-0.22264028552975257,-2.0081473066467552,-0.3071066564563937,0.715040493402952,2.003660717764929,0.6006627027470988,0.5646559873805087,1.6199808662911923,-0.15274134066114195,-0.3082777836106476,1.2458208172174232,0.35057738732620763,-0.02541901493941876,1.802017449502868,1.0577260034370357,0.38917423575803173,-3.415322898791893,-0.5681414759453338,-0.1849585828997386,2.3972685015141617,0.9811774493856911,0.6268345342954749,-1.4297838344685665,2.277560223339033,0.13096879980521894,1.3476946971774957,0.5023279503768191,0.28214259319871876,1.6674755768110447,1.538805709172768,0.4400303917712093,-1.6347225401039962,-0.3152592247640987,-0.03608812030540456,1.7286634176812194,1.143793408218365,0.44944770770087017,-0.005016488815233679,0.13599902338023462,-0.6488548052449321,1.3679943974467812,0.774821786559523,-0.3833673234559734,1.271181684542155,0.009649966027202094,0.1390839993100729,-2.49121502545962,-0.9185503577595947,-0.28654675610914027,1.8322594173285254,0.6871169596886728,-0.4696973078034455,1.8699905837407163,-0.260688096548215,-0.17097507077110086,1.360347006383318,0.19892020940757535,0.2362567851651471,1.2441710557919061,0.04834776272294584,0.31115641551914613,-1.8414765723675988,0.049046499472050496,-0.053605243902267466,1.5839496413232301,-0.014472548214527814,0.17787602376425696,0.4277713331782057,1.432171051222244,-0.2332577985260444,1.2770135848717592,0.9878822684076894,-0.12166575108500981,1.8208135278966044,0.6165996963262861,0.016471919903689382,-1.7405964049263947,-1.9817173951391154,-0.07280276000081233,1.8078650572834318,1.6208450120277662,0.7575114031168473,1.7638342073763942,0.5526108648632334,0.5106995490931335,0.0,2.0200905928640798,0.4693822655476711,1.7638342073763942,0.7602829562541571,-0.1994278816822677,1.7638342073763942,-2.169611349091042,0.7449339719765141,0.0,1.845708017336631,-0.1563080005124021,0.0,0.1393741786394811,0.5332652619448763,0.0,0.1940698008379853,-0.3663775950428118,0.0,0.017752629401926654,-0.862991015322809,0.0,-0.835184170342992,0.4170253755467092,0.0,0.5685084195280814,0.06122813646646903,0.0,0.09885193973694312,0.6578393988601183,0.0,2.2160838072627893,-0.001050062706456195,0.0,1.144511936665383,-0.22051646542198935,0.0,-1.0121913466888004,0.20397339791923474,0.0,1.4985106523811096,-0.15145696428746575,0.0,-0.3977716762876832,-0.7377418134085235,0.0,-0.058474188170721045,0.19545611050222933,0.0,-0.24942353485668645,0.6995012284722133,0.0,-0.31560296104935814,-0.335466675011739,0.0,0.022662423420315644
Mariel,3,1,0.8846598410435695,1.8311992149927478,-0.9069571545552388,-0.391638681592558,1.5163027202774972,0.030293442897997864,0.8378502465327093,1.4887039551838854,0.01831661176249888,0.41942855097786547,-2.1196786760748907,-0.41484513401040607,0.2216982031978009,1.8865471835854062,0.243340237139587,0.3999214255851121,1.526817178016214,-0.1796866787707023,-0.2176509558043731,1.3100652084675302,0.38964430471930783,0.7872079598736726,1.6609149812417714,1.1117088235090995,0.38946010286772637,-3.296475632491908,-0.45003158519529296,0.3516916221719679,2.2573117752446157,0.9798144732190919,0.1870233633955585,-1.8978016900024983,2.4857561137541246,0.4775735735580361,1.6141398456378777,0.6274419188181497,1.0669472061176875,2.2044299173650796,2.0779325194611116,-0.022133828572311415,-1.7528580626354209,-0.5946235018218857,0.7210246869106914,2.100809439155449,1.6240939405653625,0.6536676322573606,-0.16879972634692808,0.04155988889832243,-0.6737670860480431,1.3218287504029387,0.19872233417851592,-0.5237011684802979,1.8583768932071953,-0.5525448595548529,0.3160184327335027,-1.9528475770182934,-0.5221999687174264,-0.4788164792026749,1.9392003460119562,0.16645096458775432,0.27581019769049697,1.011479957472961,1.7177806891884602,-0.16714899867965835,1.3879863255244016,-0.09792201020575085,0.2833524588657749,1.047176987627279,0.436754681669487,-0.06436191056433999,-2.266631222422037,0.524508894370892,0.187223575248379,1.7133694390003507,-0.18502008579853824,0.11832785459743887,-0.4523061493059091,1.1175181151710143,-0.33790180941963516,1.2030494976994057,0.880300153220673,-0.0031610121626432183,1.5821185981032886,0.245261212931822,-0.3690028689396016,-1.2890325169402022,-1.8888277956172912,0.22154277888762686,1.4741176436490726,1.412759231363681,0.7294128901460517,1.7638342073763942,0.8531668627847031,0.18229994140352684,0.0,1.3914272759789017,0.3936779113910925,1.7638342073763942,0.74201505030722,0.31174999106868745,1.7638342073763942,-1.397770944506781,0.2028231010418265,0.0,1.4229015780325853,0.0007792796654141192,0.0,0.5823191800434917,-0.16263888598304596,0.0,-0.08197688696535256,-0.6225954775677439,0.0,0.2333907331190988,-0.5502063398733261,0.0,-0.4075766143010026,-0.0741566762524991,0.0,0.4329557613126696,-0.36274397463124836,0.0,0.025956655146631008,0.7480435846397181,0.0,1.7835887182553727,-0.15969869081102153,0.0,0.7212253346060825,-0.6892923907332087,0.0,-0.9492518929619703,0.5169960154529856,0.0,1.190121635297254,-1.3353868346034523,0.0,0.02461536355268326,-0.6846462884652432,0.0,0.31587557539428,-0.5830286487610382,0.0,0.30221163153052777,-0.16908846111994275,0.0,-0.3207631021833342,-0.25898669789681206,0.0,0.36027504678701305
Mariel,4,0,0.5883206025565907,2.6781910458771567,-1.2382470307260354,-0.011538212292848793,1.8236012007409315,0.3037179913923427,0.5099199502245909,1.9633692559222053,0.4572749388445117,0.42921799236663705,-1.894300068484847,-0.20787781994475413,0.03968594752739401,1.9838003587270332,0.35082584940822104,0.29691199047981515,1.4228440206572919,-0.04788211455446739,-0.17990589900961754,1.220817507197583,0.546373765250871,-0.206741199015191,1.1453593648587506,0.7801117749275353,0.4333734569803797,-1.2976472138579713,-0.29094938103251955,-0.32382856076451216,1.2430686718535275,0.6788697161804739,-0.3180781768919792,-2.197065951152215,2.1967670133717636,0.5952210471108027,2.000300845176407,0.6717798627935833,-0.04284654132909618,1.243631353702895,1.2185150614761238,-0.05473572765177615,-1.6996465957347109,0.06733126035950492,-0.0006669259718032281,1.5063946785298687,0.7564084439055265,-0.2537673335855188,-0.9793528799150639,-0.7091546765052262,-0.002402305066922842,1.9216944923325345,0.36285442014865016,0.4384884320878063,1.5744662016822384,-0.6323059710587648,0.12147747416094243,-1.2882339970149816,-0.5436086889592749,0.13322047035052784,1.482603897119411,0.15033281701863288,0.617295335076177,2.350668113848233,2.4397834274599877,0.2931760329654896,1.5254554814732744,-0.028421328008720867,0.19098713476249984,0.922328329986876,0.11081212438389358,-0.04295377578769137,-2.2910068038207383,0.6457979748681526,0.125947741415452,1.6653828897299194,-0.3886689534755108,-0.30917631881331176,0.11857712853027719,0.3829124458254276,-0.03006188448856725,1.4658232801986033,1.2054340445003087,-0.3098907632435909,1.7829233374609732,0.0231040444067532,0.278698042086154,-0.9926702874926977,-1.669303935486508,-0.3286172289773792,1.461998530668,1.1738543588676171,0.3392074880267493,1.7638342073763942,0.13413132299691488,-0.17920139973482568,0.0,1.4565055641456808,0.4471458467009764,1.7638342073763942,0.5012700075627335,1.0250747137920655,1.7638342073763942,-0.7072008419115877,-0.3607020052033221,0.0,0.8365833707929825,1.3004354637775737,0.0,1.1175556596712724,-1.051532924444799,0.0,-0.18760698852237034,0.5769503989404796,0.0,0.9920863539740085,1.5904912557212396,0.0,1.1623221650944864,-0.8544868205775998,0.0,-0.08753504850591261,-0.3818710181325985,0.0,-0.9506098735323218,1.1329871781804282,0.0,1.3412951431317899,0.3942491280390535,0.0,0.7850587825747956,-0.7984596145781133,0.0,-0.9633428268805688,1.0454286339971703,0.0,1.2402586995965148,2.0323877240898356,0.0,-0.44321134257610456,0.7180242793609378,0.0,1.5761524550930648,1.6864996852381289,0.0,0.848862047692683,-0.9843925081374897,0.0,-1.8564148631708741,1.7171615682605257,0.0,1.5387998682006856
Mariel,5,0,0.4631393885345933,1.0722112605445104,-0.38639215148983574,-0.14450432946880523,1.5303788371498568,0.2851763184443227,0.8727228946838589,1.4350574526229578,-0.10151480481080036,0.05616247959192508,-1.8876034513457514,-0.18129272423313156,0.43937647505717503,1.7314504723737785,0.0504001013114053,0.9901876164775241,1.803867679182148,0.8321253904923785,0.17578844496581805,1.2821766636597953,1.1055019032786955,-0.17185535802467572,1.8008950462464255,0.7968941980823749,0.28991688110464725,-0.5245160336685343,-0.5777181270745535,-0.23879519028585827,1.4673257740573917,0.7915608354218882,-0.09318935013234703,-1.3821501247934689,1.0863969230567183,0.2784273210265021,1.6468581894078855,0.4213481953168533,0.30590227656060187,1.923925278097054,1.6497576868403123,-0.035395122639737826,-1.9598143981137612,-0.07005262948516244,0.22149657021818717,2.0278217273529555,1.1000488941818647,-0.07763398493949665,-0.05680687160373097,-0.46219954288037496,-0.45059058629610554,1.847821376616494,0.5380270451914163,0.29564553885103584,1.8732590116904857,0.273367333010698,0.721049009381047,-2.334304727121125,-0.5900883391379309,-0.35332996964151364,2.1148700179621063,0.548742192219588,-0.467150257704299,0.7931524183136792,0.8751412764430606,-0.13685025680110893,1.868041146117572,0.229316167913392,-0.16062459572339416,2.1728351720682157,0.3288026430758614,-0.019630888635573707,-1.9868676067068332,0.16319331141325852,-0.07387463489477757,2.1142014989773834,0.015120334407774038,0.21171257771171215,0.741302585844129,-0.07167285931945101,0.839893038704394,1.7496663792923814,1.177426533618082,-0.3619837679034667,1.4790738767638518,0.006137614279709502,-0.0683627273146783,-2.1874800450510525,-1.3206655583331277,-0.14561858349960027,1.803594632882333,0.9240078725796018,0.562337390945347,1.7638342073763942,-0.08745930701332484,0.0064587146891778215,0.0,0.9032037437149587,0.46374955384273736,1.7638342073763942,0.5155216204177505,-0.29359704728827646,1.7638342073763942,-1.2516786168316776,0.8210566401063464,0.0,1.1361081919869058,-0.3514661375393904,0.0,-0.09814181414048594,-0.5111231101120814,0.0,0.8015969200177303,-0.2888029337859644,0.0,0.16659131619042944,-0.2205594598289715,0.0,-0.7133675795137109,-0.06401376513165624,0.0,0.5903814973555314,-0.10713671032663487,0.0,-1.5563071270676037,1.6421234378750325,0.0,-0.06617141514725414,0.9808918425134737,0.0,-1.094851357037071,-0.7668477439290293,0.0,-0.958171240598234,1.4683319876611678,0.0,0.08720592299131773,-0.558093451044731,0.0,-0.37650695535476764,-0.20985482620613802,0.0,1.9690576462892992,1.2357497200198644,0.0,0.7871228912168882,-0.048448048971563795,0.0,-1.9268892019120258,0.8161981626889816,0.0,1.5401932923616195
Mariel,6,0,0.10533101238582361,1.2800409209951666,-0.5518816938833055,-0.7649316383584083,1.4311372621739424,0.01495727986121136,-1.1783245273013097,1.74969890106808,0.01444489856091409,-0.20714382417675617,-1.5669922987359397,-0.26397278790100487,-0.5213364909884595,1.7001173155279783,0.15626640247197812,1.2868987833171637,1.86978960244479,1.6816690989815337,0.2603444183673337,1.4736817188612379,1.0886117056756899,-0.0715386693925822,1.8837081546145942,0.6973174244041793,0.412425199716793,-0.1835053258856838,-0.28836097552248113,-0.22546962754936387,1.4174434926355568,0.6167127427496815,-0.16838652748937277,-1.237435525276272,-0.1860379780444885,0.12844133085501916,1.726668500582745,-0.05168878563901774,0.2317976673606392,1.3606752408197478,0.7864500998888854,0.02351785820442739,-1.8930556609759386,0.3293218049739158,0.14223938037232853,1.6632844790432038,0.35353873530441604,-0.8018000439475296,-0.5772232605822747,-0.9350486515206483,0.4905342692806731,1.9689656689487536,0.07556010381591301,-0.4341129354826063,1.908907634188653,-0.5713002334640098,-0.7026526119533691,-2.642553513099213,-0.45440916111686136,0.2719085593044078,2.2706088950524905,0.10849189264236528,-0.23263921683441138,1.5625580372615862,-0.5861005010406847,-0.15833290865456637,2.0265915658269997,-0.22864350104785863,0.02883385864484563,2.1324911005361042,-0.14947101106206465,-0.1612975537061593,-2.1668688295437537,0.48332771974468053,0.10800594929568035,2.1900047963081173,-0.37845407840833817,0.8492284895372639,0.9269276929845552,0.5727828958762152,0.5807482027011599,1.7906038819824073,1.1309845164691883,0.17967829942084654,1.8050349785104551,-0.01244881209371252,-0.21508637849312037,-2.616417717276087,-1.5395509006719188,0.222889649475115,2.1780573927889564,1.0695886362296632,0.5949597096861416,1.7638342073763942,0.4963222405303701,-0.2660763193317475,0.0,0.8654157313713667,0.43696705633568733,1.7638342073763942,0.7101396176052116,0.679592102742913,1.7638342073763942,-0.4287038090419287,-0.06870994357027954,0.0,0.8837688772121097,0.6886928799470636,0.0,-0.41077248191646526,1.782305507905363,0.0,1.6010325520179614,1.4119105516240984,0.0,0.6242251767848318,-0.5339399144481312,0.0,-1.3930358992862375,1.6903175169462412,0.0,1.3597311802310659,1.5043995425786185,0.0,-0.5357567989430226,-0.4697900844844509,0.0,0.9710075825640719,1.3379295287131194,0.0,-0.05645096149003822,1.171642347041416,0.0,-0.9856228085028599,-0.05659889090477076,0.0,0.7435290349946341,0.4619615514486715,0.0,-2.0665466619820525,-0.06903563653377844,0.0,0.435314653275557,0.6803264225399098,0.0,-0.5019328721771701,0.4811008061306797,0.0,-1.4619308416141004,0.11577195661779786,0.0,0.5015270320697636
Mariel,7,0,0.800120096951522,1.2935841203548453,-1.818059412451044,0.24858764977353454,2.3153964814410792,0.1990677906804181,0.914678760494283,2.6151371915104162,0.8609594297297087,0.3036624391133722,-1.9767930136832728,-0.07381259575396443,0.3264682800936603,2.336654111713405,0.48141229394373897,0.993051028833036,2.0543548851290763,-0.36780827415013606,0.07596305225109329,1.8703501188434961,0.9978318430634593,0.6061686662446442,1.399795668569939,1.1197359288389543,0.650624348738547,-3.6863423730207296,-0.7129430169708171,0.11925452574172048,2.194308786051996,1.0776860786505913,-0.09827897951378965,-1.2641418096614496,2.104880866716631,1.2995457644110893,2.486158708983983,1.2423254073779364,1.031182578551279,2.120549352474045,2.0223222296776524,-0.522467368582139,-2.152238854050906,-1.1655370906227172,0.9516788884207169,2.2315083866523446,1.857060980027434,0.5547938987963504,-0.7263105548533276,-1.4646880060981011,-0.3626840267474225,2.1326237581547245,1.0909028831602727,0.502647898940509,1.7970554350472463,-0.34215255609385026,0.5416349494324706,-1.734089333745449,-0.7787582099097037,-0.1262799587913283,1.8076571910820067,0.4418062980517615,0.9045753797537348,2.048878156945933,2.328979245831282,0.6189740172273642,2.578132803944313,0.5008611997444941,0.46886841847048344,2.3975040281019457,0.17099670595116,-0.3429857539075945,-2.3744916233939337,-0.24655298245240323,0.44574129342460284,2.4294540447389292,0.22875539326967018,-1.3494040837835972,-1.5708645466621245,0.1375496111702861,0.2404412837776451,1.9327146880151396,1.3222725693292352,0.22553617176883123,1.7073774717391492,0.9853805787057022,-0.6139642534850623,-1.6497781998585443,-1.9567154727400298,0.4878193173326152,1.7028672158795255,1.7456722677198266,0.6718796239896458,1.7638342073763942,0.6385272324431421,-0.5747505607830998,0.0,0.15575376192750934,0.4704253343278998,1.7638342073763942,0.4187923991974904,1.3202142158404058,1.7638342073763942,-0.013343328190145757,-0.5924584062599457,0.0,0.39525845687235106,0.7368074403675765,0.0,0.38305905688797126,1.9244106668358585,0.0,1.0897174648092294,1.1355392021189183,0.0,0.990957266144017,-0.3671722867826335,0.0,-0.10918142924859645,1.30626573460116,0.0,0.7584902538760459,1.1489953788689713,0.0,0.6864537368049829,-0.3976554103659954,0.0,2.250895499100989,0.47972057625929965,0.0,1.5397767554499828,0.5715544295982685,0.0,-0.906115323408751,-0.16094440788275105,0.0,1.6563557734406222,0.5489309419259425,0.0,-1.7079276487336827,-0.16879740637661908,0.0,0.45581925485807123,0.7830954073885363,0.0,-0.6089840177732025,0.757823983816448,0.0,-1.8465434860394974,-0.0007872265294960085,0.0,0.6486430896978915
Mariel,8,0,0.7680011685044297,2.554227534307044,-0.07821319452455872,0.09308303586103618,1.8118349495949218,0.5064028946662794,1.0765161864094357,2.157720588948074,1.2890457155899593,-0.17797582444444165,-2.0208503112704026,-0.16983666121579885,0.6773513398806582,2.1460630168271484,0.7542399199433798,0.034861120193029546,1.4269695686201342,-0.03819365500107764,-0.20793893283111692,1.501973287768051,0.6109969363399095,-0.20255614302719138,1.1146670603181694,0.978669266745655,0.508484289537092,-1.9394370754130166,-0.7352553204335164,-0.3535207232704306,1.4272119467664177,0.9811259267029103,-0.8311105725625221,-2.19642697928419,1.7713549122649583,0.4109218568705665,1.9665246883939542,0.1626480463562047,0.33330780022396944,1.8831244988313698,0.8172956262769553,-0.03838507929672249,-1.6580840346966523,0.3378899601094197,0.24124817908994933,1.8672386971961354,0.36945324339590246,-0.6877884357254335,-0.5721930713464897,-1.062132987535422,0.01534867975853411,2.1138419716473638,0.5131811298516512,0.24389649355059817,2.0012854912590003,-0.7160794860431111,0.33381643267071853,-1.5050710869246813,-1.0110095911733494,-0.11050375037711442,1.8265663627591109,0.46434268207694573,-0.16421163262948546,1.075548597108131,1.3069920373949255,0.17860260694488495,1.6603102200822746,0.03048183462245487,0.1860215764787094,1.4495966918640015,-0.01529602794712151,-0.36398887483288084,-2.2983033440290415,0.21451084703452575,0.30785632039293476,1.9265240295394983,-0.1487337804765914,0.4697841415427342,0.7808059998915976,0.8536279818514686,0.1380833964147616,1.2061073751249587,1.033953608087989,-0.3104144693095549,1.4340837063435905,0.10392829246788746,-0.3146049275721142,-0.8596090228915025,-1.4448372740205881,0.02994594567192481,1.2024389646897307,1.0483898714064246,0.6144301627759905,1.7638342073763942,0.28867145110422293,0.24157230559295734,0.0,1.564724757926594,0.4873756358033165,1.7638342073763942,0.7823388169216039,0.3055150843768579,1.7638342073763942,-1.7344209926891159,0.32195015863853477,0.0,1.6373107044700048,-0.6262958614463134,0.0,0.015412312244927631,0.7731945466230024,0.0,0.18570273577090188,-0.11540871110368787,0.0,0.30841473426553173,-1.044548374327643,0.0,-0.7274291977854075,0.7915080332738121,0.0,0.6978930805417959,-0.2708999194780112,0.0,-1.0661150669833186,-0.4491865573785406,0.0,1.4750019716951623,-0.609848142845902,0.0,0.4225732149622738,0.1839539216522121,0.0,-1.1028081209123444,-0.6409785586407382,0.0,1.1288045453413345,0.3115057500521364,0.0,-1.1001201776850802,-0.8700641928896122,0.0,0.6675239783516944,-0.27726968519884954,0.0,-0.29263202678745587,1.0450149705756981,0.0,-1.2508732558269535,-0.862502377803411,0.0,0.5121635851919264
Mariel,9,0,1.3729479044248192,1.3791766808783057,-0.9342335501776501,0.4988056970179314,2.182620630941893,0.6289479054928093,1.1837498339074182,2.027618745491791,1.0409272873755342,-0.030679740600192344,-2.3701337023114277,-0.3717764179658984,0.6544704495639609,2.2802762583905207,0.7414000644911289,0.9421915986979105,2.1927668671036975,0.656517731269052,0.34178675086173593,2.446125163809891,1.2147259986761538,0.5409960168416476,1.679074038411105,0.9170913460586545,0.6492950949378837,-3.5607288235092254,-0.5112136917953958,0.07677968617105668,2.3553409711257784,0.8572287592906127,-0.6067492989322482,-2.2787850320941003,2.5759372997289556,1.2015407396334339,2.3679060489809136,1.2347550566694732,0.8887312932777653,2.550307514347532,1.3514574427648154,-0.35919125390924866,-1.8190852536914437,-0.046694235421331554,0.7738810742122161,2.3360658856121734,0.896107494228552,1.3440787051845156,1.6075056700761767,-2.668324003838783,0.5491040808300797,2.7322700001757094,1.3613007021687402,0.7241836045986341,2.244420394452205,-0.2743554068087429,0.48292689741665645,-1.812920796287271,-1.0789327554702417,0.024285355498376494,2.103194430089071,0.6923196722895776,2.669877826507659,5.341954258496115,2.844452878126531,0.9464602538302327,2.482939022660747,0.9280349807119798,0.543619385583306,2.4690322714671304,0.2498467143412765,-0.5948501169967882,-1.994402548474591,-0.9416684793829767,0.630152015679932,2.2627223471171036,0.7217560900833144,-0.9224343026503125,-1.3962243117625688,1.3440660244791853,1.3823681719141054,2.207979557635338,1.5002835498678353,0.5871316245728995,1.5973257352866355,1.0675856777783421,-1.223113646360527,-1.6513752119839051,-1.8023507462154342,1.0430012716630264,1.639854268092762,1.6696618639832954,0.6378861074997372,1.7638342073763942,0.9458072545723671,-0.002003585755154399,0.0,0.2831680171496025,0.4406617489789522,1.7638342073763942,0.6628521810671286,0.9920601593235934,1.7638342073763942,-0.14080893118073382,-0.3394831656280946,0.0,0.6885419097980163,-0.07924085623409506,0.0,0.32184139029489334,0.3659159319741747,0.0,0.6646323336862634,-0.11521673570021505,0.0,0.46299761098942405,-0.7230777405862157,0.0,-0.5674667139729573,0.5170343550045189,0.0,0.6983366133768261,0.5469836446739108,0.0,-0.11543287204129965,0.5767197546025663,0.0,1.2913310628115904,0.983661582703089,0.0,0.7739128890925927,0.1572852780128079,0.0,-1.0169166745043179,0.6122698474207671,0.0,1.2757366355768514,0.7070856469193195,0.0,-0.6076802216217079,1.1265835350740765,0.0,1.1566646328400711,1.800818339593021,0.0,0.1916358559795289,0.7416168216905098,0.0,-1.664920828072158,0.6558419290266133,0.0,1.0343604539191456
Mariel,10,0,0.6101272418180049,1.0791388397409378,-0.009393029119894303,0.04655661737463094,1.8036083827970415,0.19016142341747977,0.7531180518631466,2.1461003410185255,0.4246223304714684,0.0671325376443778,-1.963407166301689,-0.16226854232180868,0.36894042765764135,2.1084538905269237,0.30842193796325584,1.2472425499091497,2.083322286905045,1.2435573235862751,0.5375275061265208,2.0310418462257376,1.4355506295498888,0.23148756742842433,1.7938746336217126,0.6556939858956667,0.5225483214456086,-0.5731559627382763,-0.36499844155764266,-0.07289418555299794,1.4778962466927499,0.6127174841988567,-0.30229480006046744,-1.0875852420895005,-0.3201949807422601,0.5964039031482753,1.9562713063277521,0.05826754301572126,0.7475805412509458,1.8321057382526948,0.3261978555382729,-0.0910573938095143,-1.7690707232678324,0.13197732409694948,0.5436227199806566,1.8871106420980792,0.14881269558811963,-1.0163839831038772,0.26053871743917256,-1.639749333618757,1.0428547167957443,2.467399283471687,0.6075152659076094,-0.029412160090993573,2.2229597840016293,-0.472030671393463,-0.4478930598041777,-2.491061669174633,-0.8763899486800137,0.2959622148627154,2.3875348271722805,0.46225116659761484,-0.34456736049100956,1.830266921495577,-0.3239117441517756,0.39137115988634674,2.097669664644345,0.0321269205929732,0.7058781580164594,1.608150373981575,0.3283926652787349,-0.5917664815352973,-2.5002985417555172,0.08293839323585682,0.7144049374588464,2.11104317510445,0.06845538487401834,0.5302804417983586,-0.01374613736958556,0.8166874820173678,0.8616997472385437,2.0079757196187873,1.1018094119674626,-0.2960748769966514,1.5464594656939907,0.053793165467944645,-0.46183737282442483,-2.705346255559307,-1.1546415886355916,0.12639953713152283,2.0668939168869005,0.8265317835310982,0.658929628897773,1.7638342073763942,0.5248238579752033,0.07684625161072249,0.0,1.5254939075997072,0.3609713384721192,1.7638342073763942,0.7362181360353587,0.2694615802626152,1.7638342073763942,-1.2814398106996518,0.200409220455676,0.0,1.3563549848245378,1.609133091195574,0.0,1.4797538639487773,1.2603669085894869,0.0,0.9286450829663707,2.434934330914091,0.0,1.759684810205249,0.77725744420505,0.0,1.033517225611266,1.4643541882363231,0.0,0.529452217815672,0.6827210119615839,0.0,-0.2855319998673765,-0.001931237499577385,0.0,1.4747707676143653,0.8556769703047743,0.0,1.8842554473959825,0.5833490170133835,0.0,-0.8507186368036165,0.11793814213281717,0.0,1.8231664970132118,-0.8283631826871408,0.0,-1.30836136936701,0.3883323036545485,0.0,-0.34440445729592595,0.5805229321282827,0.0,-0.5961242569441484,-0.796946777649349,0.0,-0.3268811904910911,0.8920216705978935,0.0,-0.18151859143737784
Mariel,11,0,1.2582569702336295,0.9283583251038875,0.6424080505200467,0.7207641163796366,1.9582840156041783,0.678882273628252,0.9881426781879656,1.9532948366756968,1.3354917488112736,0.15791982178488198,-2.26892607324615,-0.05325279416392611,0.44583840173240363,2.1886737472338518,0.7122081459197904,1.504711827311351,2.3587569643506114,1.2848546498735405,0.5963148718758545,2.5987506937717115,1.4330602552706906,0.5249705690818187,1.9041754964201472,1.1464322170151817,0.6652590354146974,-2.1040935312133935,-0.7306662169454163,0.059295946725755264,2.049499436962318,1.10363352033408,0.7444395074860392,-0.5074477632749559,0.19533230153893985,0.6522804133890968,2.214069420207257,1.2216954159591682,1.1644428187447822,2.4902364028427364,1.9940158424940406,0.032653316372485905,-1.736409689460078,0.00033497353314123306,0.7580198289008956,2.263041504209364,1.2895553811380245,-1.4754241572734028,-0.01811979354686303,-1.5581092995467196,0.32787264201611455,2.6808630191331817,0.723928201215359,0.5709524526418169,2.1540748885591325,-0.26630023899794164,-0.1121576398198025,-2.2766469171256283,-0.4011284404198461,0.36090109032228573,2.2534799673527974,0.19138821462057962,0.8147349207398966,2.16858382426742,-1.1166366522369982,1.0207311662548142,2.8762631002880275,0.449384235064679,0.5021512437905699,3.123406444108569,-0.16674635071718252,-1.2121384829857471,-2.7063220713387794,-0.20980574467339985,0.963003655411642,2.9596760339915678,0.07700701327865721,-0.765832755945942,-1.8749726662378514,-0.7142514767530871,1.2644474343220533,2.478081365695308,1.5865497778411344,0.08936918265270638,1.7689326393569078,0.8359721404475351,-0.8373884035618595,-2.691542640323849,-1.9294139721530568,0.5526174333553694,2.1896964319308743,1.6689780876451055,0.5090665605486038,1.7638342073763942,0.009964082166376804,0.39752538813079874,0.0,0.6788343378243317,0.39713624944082687,1.7638342073763942,0.37387073866276616,0.29598281896737005,1.7638342073763942,-1.3263498943163226,0.22090665396167838,0.0,1.0440563922220314,0.09772738830076462,0.0,0.18467024920296166,-0.21454309275639685,0.0,1.3730105268130721,-0.328834071161288,0.0,0.661766297684787,-0.5983577007825837,0.0,-0.6236670661914641,0.22375859198979883,0.0,0.8733201999420753,-0.833707810188332,0.0,-1.1759204161462022,1.4094922441853903,0.0,0.8470701993527425,0.5979910163004764,0.0,0.23412434526856704,-1.1598108305420645,0.0,-1.0944742733926076,1.538068430426083,0.0,1.0070490957666334,-0.5528879946261264,0.0,-2.3773714837893754,-0.2300220710244291,0.0,0.9109290456638404,-0.1444129125068887,0.0,-1.0664174957903487,-0.024152127287968263,0.0,-2.2157016420158535,-0.07579714716794532,0.0,0.5746030545658034
Mariel,12,0,0.7548865083164678,1.7932235890959232,0.2755392606540544,-0.10654154919694345,1.5820012701451822,0.27435198881649525,0.7508818851953017,1.2579109922122735,-0.13163940969777507,-0.09814072172566786,-2.091931959005384,-0.39037216617663495,0.4582250268472672,1.7624199277507573,0.15293894625375518,0.6229629137828121,1.8394573168674304,0.5251889711604377,0.17356266297435619,1.4902757762224124,0.7377044291107432,0.240783482503638,1.3621175454583823,0.8027515098728761,0.2056022193336095,-1.0567895873613342,-0.4162129373911373,0.07020351708549914,1.3219729661790214,0.7394200747929993,-0.08569863367008754,-1.1950051027462714,1.3408269106827353,0.41564251556388915,1.9551633420259815,-0.231935756119343,0.25136955278112294,2.273422414082543,0.7728616519791408,-0.039182382676112265,-1.672370068740317,0.2899378875839299,0.18714562560755954,2.1053907791294777,0.3633020790513041,-0.6080370342371328,-0.2911526352890069,-1.05253981057634,0.12923410287959555,2.106948593491339,-0.05166989536309745,-0.3297918105473116,2.147943194952834,-0.766587657701803,0.06713539130911778,-1.9571466685222112,-0.40928145423215395,-0.2100928214837717,2.1100381706291396,-0.003528134405475791,-0.16924417513268,1.4503186765759248,1.1653143538303468,0.1400742437778589,1.4747744233321618,0.3859096130849239,-0.4728041350282349,1.1827174373280471,0.8741614024218345,-0.51158943407974,-1.709529543635039,-0.20893170402940023,0.04340910527413001,1.4839682785731243,0.4686229030849746,0.35905428491716357,0.8113043845307824,0.7485516146712436,0.0400257692188198,1.3785920146042114,0.6119318910356906,-0.6880149635330686,1.4517525706509775,-0.29405766793165194,-0.5038013435978789,-1.1277721040466269,-0.830416206550969,-0.050657649691345535,1.3288105666774208,0.46606745656654486,0.6509771962430168,1.7638342073763942,0.44156312496285727,-0.1897854401804915,0.0,0.39088085243487514,0.42671586807006745,1.7638342073763942,0.6291952677223364,-0.5136004012481341,1.7638342073763942,0.17725890644203257,0.969944563623904,0.0,0.4900847244816277,-0.08231069728868057,0.0,0.21854768330359065,0.3983163161823457,0.0,1.3553569200086655,0.29628501478373026,0.0,1.3640399057905228,0.13740083942163703,0.0,-0.17104278251309427,0.14159865571273003,0.0,1.0578752831875762,-0.32339562998663984,0.0,-1.0929396198910082,0.985112940408995,0.0,-0.04426634659838951,-0.10664387896777579,0.0,-1.4198035473895103,-0.9357242481679583,0.0,-1.0088280092012243,0.7867467838736973,0.0,-0.0714121176609826,0.012244494001773711,0.0,-1.0890272968514605,0.09790336069030449,0.0,1.6978400040709942,1.6969906657652134,0.0,0.7599944349298426,0.709525755788906,0.0,-1.4652340181735775,0.6110209529716434,0.0,1.2691660603500803
Mariel,13,0,1.9925809023583192,-0.5218332024945121,1.0198770646818587,1.3341607456055078,-0.5423735443094563,0.6106014235437679,1.3952624102489828,-0.5471000811765304,0.39026038092464144,-0.5060517897526712,0.5088253758066017,-0.4015209301036445,1.0286821302852138,-0.5421463903963781,0.4258147097809496,1.302034236608743,-0.5480313080634654,0.7668267905529885,-0.3169646088235055,-0.536599432538535,0.6091524483000419,0.48036787268175757,-0.5519369519520001,0.9454388647999123,1.1424252712270582,0.4567950904736171,-1.2842787470141919,-0.17635697033016803,-0.5448555961074332,1.1485206301489697,1.4952143314265338,0.5036753153591301,3.386332897856168,0.44813768156755557,-0.5381715887040436,0.7509376122294067,0.5467881480424386,-0.4920756669812765,0.9693252871499302,0.05814475922572888,0.5416500576999419,0.3058621895125003,0.3341718290952557,-0.5369048334187074,0.4828718319548565,-0.21938151758210453,-0.1899167700116268,-1.0350316464110392,-0.1959711433536798,-0.5332509461933772,0.5125724441453835,1.081632773516997,-0.5383512701820958,-0.2569948796851554,0.7695524005033995,0.5303682322413739,-0.5228137899558937,0.0028125216359760016,-0.5462900879576444,0.2856390080578538,0.044808027168714515,-0.2764015287262241,2.518694255811251,1.532300028750184,-0.5311704907664675,0.9807416664807168,-0.4568520667885149,-0.5194420102577574,0.36513522031641044,-1.554149038942562,0.5276826993160222,-0.45005396728776875,0.6511629296761704,-0.5333808021932807,0.43753631986192365,-1.2602554709992504,-0.1978857723548905,0.3005036853965276,0.6351865447643815,-0.5421828343222987,1.3651012770378663,-0.11343727249437684,-0.5523043370486485,0.5604799122418685,-0.6135198992982921,0.5244998773731383,-1.7148632333680882,0.31247058869383537,-0.5468728009102883,1.4129671739457625,0.8392589853205419,-0.566946709513841,1.2370320671979402,-0.3337251196505109,0.0,-0.12294375356217606,0.4833055151904147,-0.566946709513841,0.7798740633189999,0.7513731516130158,-0.566946709513841,1.4364882735453857,-0.07574374229413931,0.0,-0.03239229717718461,1.3635902461870466,0.0,0.8936297465960925,0.34074136614825395,0.0,0.7555033336384452,1.6320618892838157,0.0,0.9774198074755132,0.9755188330374577,0.0,-0.49370559713096285,0.5931793698389897,0.0,1.0052105076101865,0.597837625993916,0.0,0.9028052482225122,0.3547536342451191,0.0,0.9339969562318,1.0849011036224172,0.0,1.1527313643598498,0.5296499385252134,0.0,-0.8998004798098046,0.3445213508297903,0.0,1.4148151289771949,0.9236813814488942,0.0,0.9008899119956458,-0.1603129389662251,0.0,-0.4323606285092024,1.344524573068775,0.0,0.1263038663437998,1.1713646969393587,0.0,0.6868367766676193,0.08389955467074892,0.0,-0.3020834460598812
Mariel,14,1,1.60398837026296,-0.5218332024945121,1.5627977511445315,-2.0208339083925058,-0.5423735443094563,-1.0594389060307643,-1.2149734385036493,-0.5471000811765304,-0.8408491161335325,2.329656464731229,0.5088253758066017,1.353028239409616,-1.93000905794367,-0.5421463903963781,-1.1926527278901067,-0.09434380873167432,-0.5480313080634654,-0.053843660574012804,-2.39612658397917,-0.536599432538535,-1.2752240986388592,-2.137534524068719,-0.5519369519520001,-1.2275733245258436,1.9859623268217985,0.4567950904736171,1.297087218067129,-2.2700953483388986,-0.5448555961074332,-1.3617245847877704,1.086418890426293,0.5036753153591301,2.1956372630216516,-2.010236014141735,-0.5381715887040436,-0.9995958533207081,-1.8365447202459269,-0.4920756669812765,-0.6677007153137162,1.9802827877923441,0.5416500576999419,1.358818161352781,-2.228808423829354,-0.5369048334187074,-1.0719500797734465,0.1571030328465889,-0.1899167700116268,0.6223985297318454,-1.8161506462888402,-0.5332509461933772,-0.9907210346439864,-1.7242954227631742,-0.5383512701820958,-0.7814900895188124,1.4981778838188176,0.5303682322413739,1.0178302810967563,-1.8938464256435499,-0.5462900879576444,-1.0710355896171988,-0.29220587861479846,-0.2764015287262241,-2.5269163737125004,-1.8243866057719444,-0.5311704907664675,-0.4477810074671402,-1.6571037329969165,-0.5194420102577574,-0.9896600140831149,1.4989994218112395,0.5276826993160222,0.5311567026353506,-1.74022702505267,-0.5333808021932807,-0.7269024879748993,0.3131146078818405,-0.1978857723548905,0.15324428230610415,-2.1660814953144802,-0.5421828343222987,-0.7413284480848963,-1.3831524222613276,-0.5523043370486485,-0.6802258914568863,2.34049337423934,0.5244998773731383,1.101380892411051,-2.1299453295302566,-0.5468728009102883,-1.031040053686034,1.2379862274865492,-0.566946709513841,1.304002003310947,-1.9323166784563903,0.0,-1.057027503974379,0.3885618792451189,-0.566946709513841,0.6748254043840198,3.006201409837518,-0.566946709513841,3.140086342769234,-2.17693204978475,0.0,-1.0256123347972719,0.39957238599064276,0.0,-1.1547130997528854,-1.6874442466585495,0.0,-1.1868784985462082,-0.6772147538165506,0.0,-1.6159133763001472,1.5833840561867734,0.0,0.19727072375567548,-1.9446864571555884,0.0,-1.249647937385077,-0.18194924799906995,0.0,-0.8317733638114214,-1.7393996609102818,0.0,-0.8854055668688454,-1.5481523820770147,0.0,-1.0345769979360215,0.8804098805141009,0.0,0.09235779752312978,-2.0111091077607135,0.0,-0.7052219938953502,1.0380346318873506,0.0,0.6107631056579353,-1.5911127902574862,0.0,-0.5805984892678915,-0.7407318840530684,0.0,-0.33272018885352544,1.9869659217355171,0.0,0.9383344162490909,-1.7754805480229756,0.0,-0.7193281564322223
Mariel,15,0,1.3445269438004261,1.117778645665152,-0.3877133703252538,0.8875038532961528,1.9883029188573096,0.44567418777478846,0.8958850538438614,1.185745210582778,0.5164170007290928,0.004180156949909719,-2.202796934273337,0.03339725942607855,0.4803146515836905,1.7904936647650593,0.244949959420136,1.3317250107461933,2.3625898694038208,1.1136403774800088,0.4875169738843532,2.3417227498601108,1.7712983716018151,0.2999778218495222,1.7457716172649094,1.1818404695185365,0.9448079486851767,-0.7878988710780069,-0.8050236162924883,-0.21011852625581826,1.5122265157565549,1.155829602314846,-0.9186721241408319,-1.3046830633414648,-0.6289256560865358,1.4114815334205095,2.8464069942434587,0.8514199530607027,0.1797062796550006,2.050414406434485,1.4011316147031954,-0.4373716036388366,-2.0282508687324987,0.11754647257276425,0.34197308713149943,2.133839252141376,0.8508688950077652,0.06030282569247807,-0.6906997120057997,-0.600470124983813,-0.18764303611993932,2.3691436915677033,1.1994283927699911,-0.3505836758326492,2.3042404050673633,0.4140284983642086,0.5919499316030357,-1.6430525820901851,-0.39653738746973344,-0.5842849978282528,2.0637368254819473,0.4612821428642795,-0.1357765039020391,5.452726603538302,-0.9551384192809811,1.345890948240369,2.159285088570201,1.1660780601474579,1.007403319427402,1.420572655447705,0.38933444727908134,-0.707647496408802,-1.9307950799106866,-0.2374060946969306,0.9408780403741052,1.717403752101922,0.3049254229028506,-2.0889804173843842,-1.7229660027947014,-0.752358588098612,0.9371500753485206,2.7618341244321103,1.4585889956407272,-0.30698661357090623,1.8688327414555543,0.40769915288545266,-0.24357383733025553,-2.1311766710951137,-1.7775776619664783,-0.011243651079751399,2.0048252445578543,1.397790495932355,0.7533376658815262,1.7638342073763942,0.7530753727245822,-0.3473073913970306,0.0,0.4301508557960673,0.4752746645707705,1.7638342073763942,0.6821879812102857,1.0044320781611356,1.7638342073763942,0.42116195296225395,-0.3084037814645353,0.0,0.4109556051997235,0.10603416325927202,0.0,-0.6459591863340337,0.07423822749355698,0.0,1.380999328432802,-0.009565065849194466,0.0,0.17858228589396408,-0.3241339073947067,0.0,-1.2525416379386591,0.26855592713023313,0.0,0.9577633423604405,0.4950931742249158,0.0,-0.06871549620383688,1.1458701461419438,0.0,1.4356059412162907,1.749519135261308,0.0,1.0457779002543273,0.1349978058875077,0.0,-1.0187769113203895,1.2233887797561958,0.0,1.4433645320294095,-0.9285548598044956,0.0,-1.2820624076668161,0.3616120593399306,0.0,0.493856569358622,0.10912306949430223,0.0,0.32904430793404155,-0.30182537665844333,0.0,-1.3341019947062616,0.26754459754489246,0.0,0.9353298944101368
Mariel,16,0,1.3684575505891505,-0.5218332024945121,0.3078671718128809,0.2286697345551146,-0.5423735443094563,0.3338286909127581,0.8623957697817354,-0.5471000811765304,0.3112140426802358,0.21937250126839472,0.5088253758066017,-0.012147016658253705,0.3444538187669326,-0.5421463903963781,0.16582006495358975,0.8618599474006294,-0.5480313080634654,0.824110910308182,-0.6418865687061999,-0.536599432538535,0.21003497157636355,0.546753295576432,-0.5519369519520001,1.1531386524340033,0.441746482062293,0.4567950904736171,-0.3794138989070142,0.17026760759092452,-0.5448555961074332,0.9857714538671681,1.287217589871471,0.5036753153591301,1.9706754498627836,-0.1500603591635794,-0.5381715887040436,0.6832589223488834,0.5680992928558951,-0.4920756669812765,1.4807886671695838,0.31101312671693526,0.5416500576999419,-1.1007564998101869,0.21975179491236427,-0.5369048334187074,1.476285859111212,-0.0404387920796881,-0.1899167700116268,-0.3350992209045104,-1.0249891144596825,-0.5332509461933772,0.4302568950467666,0.2577193092508062,-0.5383512701820958,-0.21603117417532494,0.9979055785271023,0.5303682322413739,-0.5177117803203645,-0.5640968370179236,-0.5462900879576444,0.2983003818602995,-0.8191803513542851,-0.2764015287262241,0.25430150877374863,0.575793344635758,-0.5311704907664675,0.2017073644118022,0.6556158234628146,-0.5194420102577574,0.3941353288371651,-1.038097338078808,0.5276826993160222,0.09004469981992846,0.9443223014456227,-0.5333808021932807,0.08848991496391856,0.08957156674948932,-0.1978857723548905,0.898812212495175,0.16991815055827728,-0.5421828343222987,1.1422227072912825,0.3036723425584852,-0.5523043370486485,0.652886787440697,-0.33914268469732306,0.5244998773731383,-1.9842872614180418,0.36196274182828025,-0.5468728009102883,1.6366379240867988,0.774090219108857,-0.566946709513841,1.138748119474386,-0.777011199283176,0.0,-0.08022001723290359,0.4706110731532752,-0.566946709513841,0.7781972280844766,1.4088084751083345,-0.566946709513841,0.9032200725973032,-0.6702761010508163,0.0,0.2464715030001311,0.7084531327569946,0.0,-0.30651932509211005,0.5146280704007375,0.0,0.5457182094656714,0.4328843944204718,0.0,0.9709152599764279,-0.5490912366340773,0.0,-0.48015249803592047,0.8474904619987741,0.0,0.9916829288174943,1.1153155595622075,0.0,0.6843431177729894,-0.11196682999744534,0.0,0.8760859799091758,0.9235203428633058,0.0,1.3625073829882859,0.9087973658181556,0.0,-0.8048316373892014,-0.13198750893869923,0.0,1.4680603058811776,-1.9580037911107064,0.0,-2.1180135559896036,-0.4241217640186755,0.0,0.5586278389694862,-1.614396506027371,0.0,-0.5225781019756277,-0.7848212469787945,0.0,-1.5988173519340263,-0.5091312536791412,0.0,0.5644795805435749
Mariel,17,1,1.2999716470513547,0.23615182933474407,0.5808236787828304,0.15648140863817644,1.5752080314204417,0.44438215187683616,0.651862113831032,1.2527375061994386,0.5106298474714209,0.5515748927092143,-2.1229664443194745,-0.31103660688774737,0.04915666783027226,1.7773501734866515,0.436264048052301,1.4853264088976301,2.1389864244283827,2.1673862370400387,0.19557903093354148,2.233347214282426,1.0234746214143753,0.33750568332733183,2.217211467258772,1.057933133867591,0.4421598003706463,-0.3515125247588626,-0.24424955413585112,0.03187230247295571,1.7119533204112236,0.8680743471667387,1.4883472270113287,-0.36897068312756925,1.580462836757861,0.13135593534434142,1.9989447627346744,0.6184425024371827,0.6405894255296929,2.165945911425818,1.1717317865797028,0.02719432357728097,-1.7738024459884458,-0.13552457586475383,0.41231146222431075,2.087429337588923,0.8217069458507906,-0.9746358061512095,0.03291279170742355,-1.464295171397954,0.46804200305636784,2.552445050307759,0.5042915536979007,-0.3921139892856317,2.351720149212046,-0.2106087136338554,-0.8720596282630206,-3.253172058063413,-0.8988178591362488,0.4101946818087166,2.7962844145982784,0.583954793867171,-0.6196231368215941,0.8708161829594557,0.3950914695010642,1.040120479406393,2.70313960769112,0.7450557298949623,0.22371425447044468,3.1746655878123735,0.8705968577423825,-1.5330548196941234,-2.634847415137973,-0.29074712545836506,0.9998563361790711,2.94677052800602,0.5218094280977994,0.8124209866581682,-0.11156706813961516,0.9144272372863493,1.407400046622803,2.2530802517819817,1.3076925067934722,0.27704751691840995,1.5500248207012792,0.246766650452884,-0.873257558017599,-2.695887087222965,-1.0957047390129644,0.6712473100994579,2.0648609118145727,0.8598509761360639,0.6909253058102968,1.7638342073763942,0.8802377345871971,0.42959162823546826,0.0,0.8532241197957063,0.47481827352340605,1.7638342073763942,0.7722763885622107,-0.018089569624535364,1.7638342073763942,-1.2574436260015405,0.5917851767009094,0.0,1.377164462697085,0.0694951128651578,0.0,0.15079684905300197,0.13363840434772764,0.0,1.1789988367788848,0.09124761548143269,0.0,1.1482794790879471,-0.1911032219851191,0.0,-0.7089302456316967,0.24302486519918612,0.0,1.266788430772331,-0.07303284672031839,0.0,-0.38055030997793354,1.0814134114522198,0.0,1.061951257243068,0.7590472934050607,0.0,0.964787572021665,-0.9708101752572044,0.0,-1.0763466972163989,1.4867156314270646,0.0,1.4393090019341104,0.4115391928155587,0.0,-0.6370511284741903,0.22222662555350237,0.0,0.4680907339457017,0.4356277486982439,0.0,-0.5358523003108913,-0.06697057651928649,0.0,-1.8892004844807655,0.3205027175797407,0.0,0.716545801607266
Norman,1,0,1.130958037032762,2.0981476493258313,1.330466709767207,0.09926420394705841,1.5034842805245632,0.4783968456385316,-0.341356504042095,1.9497217846617139,0.1085755335705159,0.9370398465434201,-0.5566241572031995,-0.10697553880801319,-0.6969261154195557,1.2289102700957146,0.1157977676576686,1.272405320638946,1.7192367813609601,1.8013193700412014,-0.39887767810100083,1.5383577605139434,0.8532846626325066,-0.22651509854845087,1.9645378925753871,0.8816775282656409,-0.12859383676489425,-0.8493427573937875,-0.1407171896339557,-0.09405518538157417,1.6897416068243136,0.7014766394479457,0.6029589204413129,-1.1535232780012428,-0.5873907167390977,-0.7656097065230739,0.7296237485382593,0.3382969366212161,-1.090060352487614,0.4356802737701782,0.0032607069716528653,0.42871082163571916,-0.8233041859572592,-0.2664597226929972,-0.9431661729819879,0.6307153774142098,0.12762787311025564,-0.035056342639564135,-0.5336992810383758,-0.21996819905690404,-0.08051941709733552,1.033888293510432,1.4808272335440393,0.01320296412754805,1.1012134048882487,1.915065407655317,-0.3301528621588439,-1.4898959519006658,-0.8453947068436575,0.2354596730538574,1.294750142501869,1.3981656653536096,0.05739607109052937,-1.1991314393812929,0.028857969463177553,0.40960127449472306,1.657225917025526,0.18509663131510523,0.2232823326748736,1.141732352985101,0.2394330379109201,-0.9877938027692419,-1.5950818515648841,0.0833359372442517,0.6861939560309284,1.4032573220808666,0.034671769959191766,0.34538647925019333,-1.2376072334433708,-0.19821180399465718,1.128910437791975,2.3415235094137627,0.907007692182747,0.4074277057226432,2.547874833172703,0.5726862910627556,-0.5319247666243235,-2.5526359980787734,-0.5381377275079055,0.5321483605915031,2.5804337846596073,0.5964864263059914,0.7053423373262531,1.7638342073763942,0.08497844226759645,1.0237674941205084,0.0,1.167518177674001,0.44894150660727894,1.7638342073763942,0.5078586264849284,-0.7019204344141486,1.7638342073763942,-2.0757274968101167,1.1627910650853266,0.0,1.5623291174433598,0.06793409980213204,0.0,0.02120819718931747,-0.32299526314233795,0.0,0.8151749297253245,1.3553931322670132,0.0,0.8626691050998125,-0.5623272413833181,0.0,-0.6394649887384597,1.6651674801274183,0.0,1.0228731215105002,-0.21105080082773423,0.0,-1.6195443985233595,1.281794400134574,0.0,-0.48629253634697983,0.14336279893617532,0.0,-1.9102337214868947,-1.3510067546219997,0.0,-0.9784786002394865,1.3651368065732206,0.0,-0.3951122614949072,-0.5250686809596213,0.0,-0.6887141896754113,-0.32267985227922813,0.0,1.4533366029130454,0.8993884179126186,0.0,1.190928375297564,-0.4293770083549276,0.0,-1.1898374841148347,0.8529454140637174,0.0,1.378826133448057
Norman,2,1,-0.47908818732945146,2.7574076318097185,1.2907696014863919,-2.5515731325259146,1.8193584867937773,0.6435613997366244,-2.081670105762915,2.6007435291740464,1.0425353587209654,2.0623106353612166,-0.7186350779127388,-0.3976062343911001,-2.250513719298646,1.6259054875126016,0.7567901981307059,-0.2646142606034058,1.9467186949183135,0.7972419911764446,-2.5808161672575314,1.7633579642802388,0.6044496512670486,-2.2703364130728905,3.1798618933499627,0.6446643997603672,2.0847207909219483,-2.0596263302000586,-0.2509830664759341,-2.400491566058439,2.9551867582562297,0.5646895881949405,1.5546088705486016,-1.3403968588274224,0.005224026516538065,-2.276979501486763,0.7513965251151612,0.025625551094625696,-1.9295891725769325,1.3026714883501775,-0.04672842777854804,2.2024897126220147,-1.2915852564047132,0.015627875590736567,-2.4037086105994723,1.35702647097349,-0.03758525378913989,0.384781117618371,-0.21741184636337949,-0.7674006958026243,-2.3422965614139972,0.9153230311746287,0.4631969883429716,-2.0637396013422915,2.2408179498685166,0.6273090235500565,1.835006917590824,-0.8086094924941148,-0.38984154090508866,-2.295718624507786,1.661446252495613,0.5419829195557193,0.15176238858926835,-1.4735766359114435,-0.5369942768095245,-2.3786576268465223,0.9242895716988437,-0.17624190787210614,-1.8352069168200444,0.6654608079791289,-0.5048538751401106,1.9649773920757772,-1.6176687748229903,-0.0011582814999633489,-2.1025117920981455,1.1828518997304305,-0.18944938110576126,0.6589451241136238,0.2418396509879557,-0.014144738477969146,-2.563795208389792,2.485085694295697,0.7503819005472835,-1.9649377283645781,2.672101076882555,0.6142154288014283,2.552973438544652,-2.231291852438076,-0.7168289634419976,-2.5589471642135644,2.5131665005222117,0.737209814185297,-2.7475394860722124,1.7638342073763942,0.7431505193204627,-2.045046939665802,0.0,1.187565794597121,-3.2043690358445995,1.7638342073763942,0.7461774056249214,-1.798768236785233,1.7638342073763942,-0.41178762253499324,-2.301653631149059,0.0,0.9082823902485204,0.7432832578017416,0.0,-0.09493597315329291,-1.8995124062436004,0.0,0.5265682191285069,-0.5744010534005805,0.0,0.5415854176066847,2.0075406483941363,0.0,-0.5791316942679451,-2.217185542639735,0.0,0.7604908341930395,0.4033647666361419,0.0,-1.0266063651697872,-1.9485960474467834,0.0,0.4476765089682173,-1.1670555491579155,0.0,-0.992745558739319,1.4627296242345453,0.0,-0.9642500298312837,-2.2580826231854996,0.0,0.1544097970187728,-0.2256987365842135,0.0,0.16537064535281132,-1.8535142658988615,0.0,0.5139273023310439,-1.9169271009219835,0.0,0.4422124700223982,1.2582790596253999,0.0,-1.1337118318117492,-2.0433479232400646,0.0,0.8935092177639454
Norman,3,1,-0.47908818732945146,-0.5218332024945121,1.3967995861348872,-2.5515731325259146,-0.5423735443094563,0.9644054900817454,-2.081670105762915,-0.5471000811765304,0.8395661714009319,2.0623106353612166,0.5088253758066017,-0.6771601769855634,-2.250513719298646,-0.5421463903963781,0.8107892103199017,-0.2646142606034058,-0.5480313080634654,0.4884336351613748,-2.5808161672575314,-0.536599432538535,1.0678803076784458,-2.2703364130728905,-0.5519369519520001,1.0952483109078348,2.0847207909219483,0.4567950904736171,-0.4312790601451927,-2.400491566058439,-0.5448555961074332,0.9610796071179369,1.5546088705486016,0.5036753153591301,-0.5013869608936214,-2.276979501486763,-0.5381715887040436,0.19215940167222717,-1.9295891725769325,-0.4920756669812765,-0.38737282118472094,2.2024897126220147,0.5416500576999419,-1.3587153136611188,-2.4037086105994723,-0.5369048334187074,0.3894886790073915,0.384781117618371,-0.1899167700116268,0.2219821392122231,-2.3422965614139972,-0.5332509461933772,1.4042262567097963,-2.0637396013422915,-0.5383512701820958,2.5368145012001255,1.835006917590824,0.5303682322413739,-0.9967988447477614,-2.295718624507786,-0.5462900879576444,1.7605594056156004,0.15176238858926835,-0.2764015287262241,-0.3013159270500394,-2.3786576268465223,-0.5311704907664675,0.013141650657051331,-1.8352069168200444,-0.5194420102577574,0.2017346166191825,1.9649773920757772,0.5276826993160222,-0.008794271263125214,-2.1025117920981455,-0.5333808021932807,0.08187191895094782,0.6589451241136238,-0.1978857723548905,0.18076809283951,-2.563795208389792,-0.5421828343222987,0.954996086028883,-1.9649377283645781,-0.5523043370486485,0.3796791672010537,2.552973438544652,0.5244998773731383,-0.44813919545272174,-2.5589471642135644,-0.5468728009102883,0.4592181739011733,-2.7475394860722124,-0.566946709513841,0.9474595903752118,-2.045046939665802,0.0,0.8096818063270553,-3.2043690358445995,-0.566946709513841,0.7244143662708007,-1.798768236785233,-0.566946709513841,-0.006375782425008247,-2.301653631149059,0.0,0.6749217146616153,0.7432832578017416,0.0,1.2578323281471178,-1.8995124062436004,0.0,1.2273748430633986,-0.5744010534005805,0.0,1.5758428448631043,2.0075406483941363,0.0,0.5951232430098772,-2.217185542639735,0.0,0.6941925381871459,0.4033647666361419,0.0,-0.051057791974446765,-1.9485960474467834,0.0,0.15424205324998133,-1.1670555491579155,0.0,0.5113685246417847,1.4627296242345453,0.0,-0.00973256530085462,-2.2580826231854996,0.0,0.3202227980820232,-0.2256987365842135,0.0,1.1030109968987711,-1.8535142658988615,0.0,0.22281899789132517,-1.9169271009219835,0.0,0.9305132827509625,1.2582790596253999,0.0,0.7038227076238203,-2.0433479232400646,0.0,0.1765955730625589
Norman,4,0,-0.47908818732945146,-0.5218332024945121,1.4864232112782816,-2.5515731325259146,-0.5423735443094563,0.7252429909872824,-2.081670105762915,-0.5471000811765304,1.2449911148032042,2.0623106353612166,0.5088253758066017,-0.2598709476400968,-2.250513719298646,-0.5421463903963781,0.7825185487831786,-0.2646142606034058,-0.5480313080634654,1.5675625661659511,-2.5808161672575314,-0.536599432538535,0.6008278909307545,-2.2703364130728905,-0.5519369519520001,0.9417882450119055,2.0847207909219483,0.4567950904736171,-0.37962435902218405,-2.400491566058439,-0.5448555961074332,0.8294864403062021,1.5546088705486016,0.5036753153591301,-0.641297522083551,-2.276979501486763,-0.5381715887040436,0.17707000944327228,-1.9295891725769325,-0.4920756669812765,-0.4523121274441814,2.2024897126220147,0.5416500576999419,-0.5754729183091828,-2.4037086105994723,-0.5369048334187074,-0.02146874786937631,0.384781117618371,-0.1899167700116268,0.18206526652002583,-2.3422965614139972,-0.5332509461933772,0.5164839871162162,-2.0637396013422915,-0.5383512701820958,1.3097377994231534,1.835006917590824,0.5303682322413739,-0.22581327470082674,-2.295718624507786,-0.5462900879576444,0.6941271899046659,0.15176238858926835,-0.2764015287262241,-0.9092895926295574,-2.3786576268465223,-0.5311704907664675,-0.09002580364483719,-1.8352069168200444,-0.5194420102577574,0.16801945335965934,1.9649773920757772,0.5276826993160222,-0.04380120588185556,-2.1025117920981455,-0.5333808021932807,0.09250050756725714,0.6589451241136238,-0.1978857723548905,0.03470092521618775,-2.563795208389792,-0.5421828343222987,0.9043088306293406,-1.9649377283645781,-0.5523043370486485,1.1338041064080433,2.552973438544652,0.5244998773731383,-0.6664936594304753,-2.5589471642135644,-0.5468728009102883,0.9025393279456095,-2.7475394860722124,-0.566946709513841,1.0544070038386113,-2.045046939665802,0.0,0.6626487297114081,-3.2043690358445995,-0.566946709513841,0.7794772470017259,-1.798768236785233,-0.566946709513841,-0.9903954049308802,-2.301653631149059,0.0,1.243413104632462,0.7432832578017416,0.0,-0.20314596963261214,-1.8995124062436004,0.0,1.441842191692382,-0.5744010534005805,0.0,1.516498642551901,2.0075406483941363,0.0,-0.5392083786692375,-2.217185542639735,0.0,1.408576023426257,0.4033647666361419,0.0,-0.4275481501679301,-1.9485960474467834,0.0,-0.20410615742472588,-1.1670555491579155,0.0,-0.64123966053537,1.4627296242345453,0.0,-0.4145344662545838,-2.2580826231854996,0.0,-0.06469000551473658,-0.2256987365842135,0.0,-0.5367862061887567,-1.8535142658988615,0.0,0.6243217101885019,-1.9169271009219835,0.0,1.014945626470287,1.2582790596253999,0.0,-0.46805999038328744,-2.0433479232400646,0.0,0.8740291149143351
Norman,5,1,-0.47908818732945146,-0.5218332024945121,1.7432794504052995,-2.5515731325259146,-0.5423735443094563,0.2015071924745016,-2.081670105762915,-0.5471000811765304,0.2876852853951048,2.0623106353612166,0.5088253758066017,-0.3499400708806049,-2.250513719298646,-0.5421463903963781,0.3443261026974649,-0.2646142606034058,-0.5480313080634654,-0.16886673759124105,-2.5808161672575314,-0.536599432538535,0.16472029331907692,-2.2703364130728905,-0.5519369519520001,0.433828823235272,2.0847207909219483,0.4567950904736171,-0.5078297186436123,-2.400491566058439,-0.5448555961074332,0.4985242600506402,1.5546088705486016,0.5036753153591301,-0.7839783400793706,-2.276979501486763,-0.5381715887040436,0.08081165369261924,-1.9295891725769325,-0.4920756669812765,-0.40311189647785955,2.2024897126220147,0.5416500576999419,-0.22996604688037045,-2.4037086105994723,-0.5369048334187074,-0.1524013703751943,0.384781117618371,-0.1899167700116268,0.10740796114987976,-2.3422965614139972,-0.5332509461933772,0.10204768925823571,-2.0637396013422915,-0.5383512701820958,0.6628246563107295,1.835006917590824,0.5303682322413739,0.06500671397932194,-2.295718624507786,-0.5462900879576444,0.21792335372958732,0.15176238858926835,-0.2764015287262241,-0.6786176250406123,-2.3786576268465223,-0.5311704907664675,-0.25415500895061816,-1.8352069168200444,-0.5194420102577574,-0.45419360147769416,1.9649773920757772,0.5276826993160222,0.004861452298942982,-2.1025117920981455,-0.5333808021932807,-0.17437347374992956,0.6589451241136238,-0.1978857723548905,-0.07753396567277995,-2.563795208389792,-0.5421828343222987,0.10754973906718937,-1.9649377283645781,-0.5523043370486485,0.3201630810318242,2.552973438544652,0.5244998773731383,-0.38522547947537455,-2.5589471642135644,-0.5468728009102883,0.39235197714366343,-2.7475394860722124,-0.566946709513841,1.1084253136698745,-2.045046939665802,0.0,0.25073371490797025,-3.2043690358445995,-0.566946709513841,0.734866665558551,-1.798768236785233,-0.566946709513841,0.6766520630623577,-2.301653631149059,0.0,0.3254423242913168,0.7432832578017416,0.0,-0.1079748191719979,-1.8995124062436004,0.0,0.8157034619130307,-0.5744010534005805,0.0,0.8747826619852634,2.0075406483941363,0.0,-0.5992869712547388,-2.217185542639735,0.0,1.004498027255211,0.4033647666361419,0.0,-0.8860527442667929,-1.9485960474467834,0.0,-0.02010577866178409,-1.1670555491579155,0.0,-0.7026329688081644,1.4627296242345453,0.0,-0.7499401689377279,-2.2580826231854996,0.0,0.1625499622559407,-0.2256987365842135,0.0,0.10735558801523147,-1.8535142658988615,0.0,-0.06997249060454454,-1.9169271009219835,0.0,0.7895180468486521,1.2582790596253999,0.0,0.4471242503673143,-2.0433479232400646,0.0,0.23257829787368356
Norman,6,0,-0.47908818732945146,-0.5218332024945121,1.2742434766610107,-2.5515731325259146,-0.5423735443094563,1.168204709136684,-2.081670105762915,-0.5471000811765304,1.008783021847796,2.0623106353612166,0.5088253758066017,-0.5896035715581237,-2.250513719298646,-0.5421463903963781,0.8478412124638511,-0.2646142606034058,-0.5480313080634654,1.0322475131898914,-2.5808161672575314,-0.536599432538535,1.1272794013656127,-2.2703364130728905,-0.5519369519520001,1.2261387889810484,2.0847207909219483,0.4567950904736171,-0.5572319614739112,-2.400491566058439,-0.5448555961074332,1.1019557173847467,1.5546088705486016,0.5036753153591301,-1.232708754701093,-2.276979501486763,-0.5381715887040436,1.0644354428705358,-1.9295891725769325,-0.4920756669812765,-0.3052917428601474,2.2024897126220147,0.5416500576999419,-1.2029375209406885,-2.4037086105994723,-0.5369048334187074,0.3691971545944333,0.384781117618371,-0.1899167700116268,-0.46143030470729934,-2.3422965614139972,-0.5332509461933772,1.561389424377895,-2.0637396013422915,-0.5383512701820958,2.3829768145512285,1.835006917590824,0.5303682322413739,-0.7819930046371916,-2.295718624507786,-0.5462900879576444,1.5389802512355932,0.15176238858926835,-0.2764015287262241,-0.21604640310584863,-2.3786576268465223,-0.5311704907664675,-0.08646657229383281,-1.8352069168200444,-0.5194420102577574,-0.70618482200023,1.9649773920757772,0.5276826993160222,0.03104755562008133,-2.1025117920981455,-0.5333808021932807,-0.2867729014242537,0.6589451241136238,-0.1978857723548905,0.06473583419841762,-2.563795208389792,-0.5421828343222987,1.1902276460199652,-1.9649377283645781,-0.5523043370486485,0.8352206222035684,2.552973438544652,0.5244998773731383,-0.5002742267510161,-2.5589471642135644,-0.5468728009102883,0.6713483399394233,-2.7475394860722124,-0.566946709513841,0.4222852110427421,-2.045046939665802,0.0,1.2293870475457698,-3.2043690358445995,-0.566946709513841,0.7235997116396992,-1.798768236785233,-0.566946709513841,-0.813798861968267,-2.301653631149059,0.0,1.0987487463982721,0.7432832578017416,0.0,1.761131310579153,-1.8995124062436004,0.0,1.1042653174896133,-0.5744010534005805,0.0,1.6345725260856498,2.0075406483941363,0.0,0.7318881197029002,-2.217185542639735,0.0,0.6437516837405786,0.4033647666361419,0.0,-0.8289402635635581,-1.9485960474467834,0.0,-0.13959892147482517,-1.1670555491579155,0.0,-0.9505277073625172,1.4627296242345453,0.0,-0.3299386475850812,-2.2580826231854996,0.0,-0.32050006569496925,-0.2256987365842135,0.0,0.6651626341246454,-1.8535142658988615,0.0,0.6837141239539819,-1.9169271009219835,0.0,0.7697252241625732,1.2582790596253999,0.0,-0.03232732246015536,-2.0433479232400646,0.0,0.48494392909152584
Norman,7,0,-0.47908818732945146,-0.5218332024945121,1.5405185290300911,-2.5515731325259146,-0.5423735443094563,1.2230720458647535,-2.081670105762915,-0.5471000811765304,1.8024429843683123,2.0623106353612166,0.5088253758066017,-0.46087677594067045,-2.250513719298646,-0.5421463903963781,1.180639000980008,-0.2646142606034058,-0.5480313080634654,1.8608188210324481,-2.5808161672575314,-0.536599432538535,0.8361345423582339,-2.2703364130728905,-0.5519369519520001,0.705148869192908,2.0847207909219483,0.4567950904736171,-0.417291201396804,-2.400491566058439,-0.5448555961074332,0.6675899542148801,1.5546088705486016,0.5036753153591301,-1.655369103421098,-2.276979501486763,-0.5381715887040436,0.7785160714011787,-1.9295891725769325,-0.4920756669812765,-0.43799833509510677,2.2024897126220147,0.5416500576999419,-1.8686322770367485,-2.4037086105994723,-0.5369048334187074,0.5969466786194335,0.384781117618371,-0.1899167700116268,-0.2499901598425089,-2.3422965614139972,-0.5332509461933772,0.39144825344102874,-2.0637396013422915,-0.5383512701820958,0.09358051731285155,1.835006917590824,0.5303682322413739,0.19356877671078007,-2.295718624507786,-0.5462900879576444,-0.10638704463735614,0.15176238858926835,-0.2764015287262241,-0.23202713150283197,-2.3786576268465223,-0.5311704907664675,0.08683181304491899,-1.8352069168200444,-0.5194420102577574,0.35887229946815363,1.9649773920757772,0.5276826993160222,0.04993502796328665,-2.1025117920981455,-0.5333808021932807,0.101936241110092,0.6589451241136238,-0.1978857723548905,0.060796475153090355,-2.563795208389792,-0.5421828343222987,1.1684872610432027,-1.9649377283645781,-0.5523043370486485,0.5566415040640617,2.552973438544652,0.5244998773731383,-0.11854251506072239,-2.5589471642135644,-0.5468728009102883,0.297477554060057,-2.7475394860722124,-0.566946709513841,0.7260589539787419,-2.045046939665802,0.0,0.3515846093387158,-3.2043690358445995,-0.566946709513841,0.6848494821176553,-1.798768236785233,-0.566946709513841,0.32366185015919824,-2.301653631149059,0.0,0.4646932400971565,0.7432832578017416,0.0,1.1797933758708306,-1.8995124062436004,0.0,1.4129421156216768,-0.5744010534005805,0.0,1.6648161870414189,2.0075406483941363,0.0,0.561775689514607,-2.217185542639735,0.0,0.777974251320679,0.4033647666361419,0.0,-0.5306308154343115,-1.9485960474467834,0.0,0.7174024704748616,-1.1670555491579155,0.0,0.07481818835278643,1.4627296242345453,0.0,-0.6587644635910376,-2.2580826231854996,0.0,0.5657431557910437,-0.2256987365842135,0.0,0.12939601380043703,-1.8535142658988615,0.0,0.8506656890153423,-1.9169271009219835,0.0,0.6770473389771777,1.2582790596253999,0.0,-0.3330169101772565,-2.0433479232400646,0.0,0.5945060941834059
Norman,8,0,-0.47908818732945146,-0.5218332024945121,1.4728146896417156,-2.5515731325259146,-0.5423735443094563,0.6038355101254913,-2.081670105762915,-0.5471000811765304,1.359128119775729,2.0623106353612166,0.5088253758066017,-0.5266850663288203,-2.250513719298646,-0.5421463903963781,0.9913104858820031,-0.2646142606034058,-0.5480313080634654,-0.8846151536444279,-2.5808161672575314,-0.536599432538535,0.8301402005659795,-2.2703364130728905,-0.5519369519520001,0.9791432487431572,2.0847207909219483,0.4567950904736171,-0.709554323101534,-2.400491566058439,-0.5448555961074332,0.9724896310163131,1.5546088705486016,0.5036753153591301,0.23391292929064625,-2.276979501486763,-0.5381715887040436,0.03704086018125935,-1.9295891725769325,-0.4920756669812765,-0.17580857455116272,2.2024897126220147,0.5416500576999419,-1.163208575836485,-2.4037086105994723,-0.5369048334187074,0.4342310409936411,0.384781117618371,-0.1899167700116268,0.5112814649341321,-2.3422965614139972,-0.5332509461933772,0.548359595955037,-2.0637396013422915,-0.5383512701820958,1.3706586936620246,1.835006917590824,0.5303682322413739,-0.6968643306205055,-2.295718624507786,-0.5462900879576444,1.068980299349807,0.15176238858926835,-0.2764015287262241,-0.2673202118977404,-2.3786576268465223,-0.5311704907664675,-0.1348752537167312,-1.8352069168200444,-0.5194420102577574,0.11244686114586813,1.9649773920757772,0.5276826993160222,-0.13044977087330994,-2.1025117920981455,-0.5333808021932807,0.12931244744937342,0.6589451241136238,-0.1978857723548905,0.40664392578148434,-2.563795208389792,-0.5421828343222987,0.41343551320560795,-1.9649377283645781,-0.5523043370486485,0.9287480666382469,2.552973438544652,0.5244998773731383,-0.5277376335895407,-2.5589471642135644,-0.5468728009102883,0.7265967055464708,-2.7475394860722124,-0.566946709513841,0.7510321321389873,-2.045046939665802,0.0,1.3791552563698677,-3.2043690358445995,-0.566946709513841,0.7105740876864789,-1.798768236785233,-0.566946709513841,-0.8893867536743332,-2.301653631149059,0.0,1.1264211129591732,0.7432832578017416,0.0,0.27147723487961267,-1.8995124062436004,0.0,-0.13507128684379643,-0.5744010534005805,0.0,0.25737252575032793,2.0075406483941363,0.0,0.16334260247867277,-2.217185542639735,0.0,0.06932640358336357,0.4033647666361419,0.0,-1.1888710611329043,-1.9485960474467834,0.0,0.19372293602665175,-1.1670555491579155,0.0,-1.3292542519293356,1.4627296242345453,0.0,-0.9674414235267116,-2.2580826231854996,0.0,-0.04873960788150146,-0.2256987365842135,0.0,0.8310396346530968,-1.8535142658988615,0.0,-0.033498491719462405,-1.9169271009219835,0.0,0.5307304250287767,1.2582790596253999,0.0,0.9246873269850395,-2.0433479232400646,0.0,-0.18780628635054286
Norman,9,1,-0.47908818732945146,-0.5218332024945121,1.6436116458705863,-2.5515731325259146,-0.5423735443094563,0.7754678682711889,-2.081670105762915,-0.5471000811765304,0.7745131832506388,2.0623106353612166,0.5088253758066017,-0.47013926532828626,-2.250513719298646,-0.5421463903963781,0.6607945105368181,-0.2646142606034058,-0.5480313080634654,0.38263600439832596,-2.5808161672575314,-0.536599432538535,0.9600588083665625,-2.2703364130728905,-0.5519369519520001,1.1485199942668733,2.0847207909219483,0.4567950904736171,-0.027717451299877047,-2.400491566058439,-0.5448555961074332,0.8593756985740381,1.5546088705486016,0.5036753153591301,-0.4669911432222755,-2.276979501486763,-0.5381715887040436,0.448009976781654,-1.9295891725769325,-0.4920756669812765,0.005038158440561872,2.2024897126220147,0.5416500576999419,-0.892355536040571,-2.4037086105994723,-0.5369048334187074,0.4236128357446553,0.384781117618371,-0.1899167700116268,0.34456206946799045,-2.3422965614139972,-0.5332509461933772,1.3248166594989181,-2.0637396013422915,-0.5383512701820958,2.5912095507422053,1.835006917590824,0.5303682322413739,-0.8608302793628408,-2.295718624507786,-0.5462900879576444,1.6812748090144494,0.15176238858926835,-0.2764015287262241,-0.19418885577741585,-2.3786576268465223,-0.5311704907664675,-0.17981145732777962,-1.8352069168200444,-0.5194420102577574,-0.452691292222922,1.9649773920757772,0.5276826993160222,0.12911572944650856,-2.1025117920981455,-0.5333808021932807,-0.2566223150635945,0.6589451241136238,-0.1978857723548905,0.284467176533429,-2.563795208389792,-0.5421828343222987,0.8170641521283761,-1.9649377283645781,-0.5523043370486485,0.8382276108500141,2.552973438544652,0.5244998773731383,-0.684639245675443,-2.5589471642135644,-0.5468728009102883,0.8011694488922524,-2.7475394860722124,-0.566946709513841,0.20041926475323615,-2.045046939665802,0.0,1.5491253130765552,-3.2043690358445995,-0.566946709513841,0.5115726441722542,-1.798768236785233,-0.566946709513841,-1.4873409399008397,-2.301653631149059,0.0,1.2563699814437226,0.7432832578017416,0.0,0.4640706021095644,-1.8995124062436004,0.0,0.6953845412550963,-0.5744010534005805,0.0,0.9827276915476795,2.0075406483941363,0.0,0.22879705201182904,-2.217185542639735,0.0,0.5277053489252659,0.4033647666361419,0.0,-1.3095424132161602,-1.9485960474467834,0.0,-0.29698292587351627,-1.1670555491579155,0.0,-1.2646440189374633,1.4627296242345453,0.0,-0.808669910606964,-2.2580826231854996,0.0,-0.13458194524024933,-0.2256987365842135,0.0,1.5656865650848582,-1.8535142658988615,0.0,0.6786301415923974,-1.9169271009219835,0.0,1.3502561806661437,1.2582790596253999,0.0,0.784891127112982,-2.0433479232400646,0.0,0.3866198038836139
Norman,10,0,-0.47908818732945146,-0.5218332024945121,2.274793300784521,-2.5515731325259146,-0.5423735443094563,1.5274711868470954,-2.081670105762915,-0.5471000811765304,1.8889556022708975,2.0623106353612166,0.5088253758066017,-0.46861879906296217,-2.250513719298646,-0.5421463903963781,1.2291965494076302,-0.2646142606034058,-0.5480313080634654,1.1872742205014952,-2.5808161672575314,-0.536599432538535,0.7056355799838433,-2.2703364130728905,-0.5519369519520001,0.6901705578141573,2.0847207909219483,0.4567950904736171,-0.13696855256875567,-2.400491566058439,-0.5448555961074332,0.5584875580258271,1.5546088705486016,0.5036753153591301,-1.0733733633524656,-2.276979501486763,-0.5381715887040436,1.0120641396267853,-1.9295891725769325,-0.4920756669812765,-0.1916598231151131,2.2024897126220147,0.5416500576999419,-1.5365468909261708,-2.4037086105994723,-0.5369048334187074,0.5998438303531445,0.384781117618371,-0.1899167700116268,-0.2892503011345129,-2.3422965614139972,-0.5332509461933772,0.31715000269730553,-2.0637396013422915,-0.5383512701820958,0.11800560428831897,1.835006917590824,0.5303682322413739,0.1634453519778842,-2.295718624507786,-0.5462900879576444,-0.07416819825134478,0.15176238858926835,-0.2764015287262241,-0.8656223841318033,-2.3786576268465223,-0.5311704907664675,-0.0383521109817902,-1.8352069168200444,-0.5194420102577574,-0.1524064618036379,1.9649773920757772,0.5276826993160222,0.1171296928676276,-2.1025117920981455,-0.5333808021932807,-0.13549085672828648,0.6589451241136238,-0.1978857723548905,0.09622498873906554,-2.563795208389792,-0.5421828343222987,1.208732221245953,-1.9649377283645781,-0.5523043370486485,1.0268944760848095,2.552973438544652,0.5244998773731383,-0.29312257976029554,-2.5589471642135644,-0.5468728009102883,0.6007329220124134,-2.7475394860722124,-0.566946709513841,0.8560511868915442,-2.045046939665802,0.0,1.1851765606818343,-3.2043690358445995,-0.566946709513841,0.7805384977824605,-1.798768236785233,-0.566946709513841,-0.2766897104027617,-2.301653631149059,0.0,0.8690958313938667,0.7432832578017416,0.0,0.439890860056006,-1.8995124062436004,0.0,0.2558036928492484,-0.5744010534005805,0.0,0.5026107370733772,2.0075406483941363,0.0,-0.06448942329159886,-2.217185542639735,0.0,0.3907732148172733,0.4033647666361419,0.0,-0.9610115658694693,-1.9485960474467834,0.0,0.5025533854537263,-1.1670555491579155,0.0,-0.7877101751906773,1.4627296242345453,0.0,-0.7583572931220189,-2.2580826231854996,0.0,0.11719647027276589,-0.2256987365842135,0.0,0.5362484649737167,-1.8535142658988615,0.0,0.04171545873114168,-1.9169271009219835,0.0,0.6505866891200589,1.2582790596253999,0.0,0.59334138124805,-2.0433479232400646,0.0,0.06763949362523058
Zarif,1,0,0.9507540382541253,-0.5218332024945121,-0.6870632820323305,0.5529386704606413,-0.5423735443094563,-0.0024838019859157426,1.072559117855004,-0.5471000811765304,-0.611824178010997,-1.0161015104143303,0.5088253758066017,-0.7789161428912158,1.1341041118809756,-0.5421463903963781,0.1268090122771317,0.07082108656725947,-0.5480313080634654,0.1404088081724024,0.4478955709577183,-0.536599432538535,0.5478820489944402,-0.36817073518103466,-0.5519369519520001,-0.20206499550817447,-1.3190286530993545,0.4567950904736171,-1.5536878440725117,0.32678090340496746,-0.5448555961074332,0.3937938789524502,1.3190448509664001,0.5036753153591301,0.019532966775890018,-0.058347770128598014,-0.5381715887040436,1.2472974796134992,0.04700904596207079,-0.4920756669812765,1.4161307922260888,-0.4373263334040802,0.5416500576999419,0.08097358756281423,0.25367548893200076,-0.5369048334187074,0.8777983129032534,0.10144552744475488,-0.1899167700116268,0.521100147858692,-0.17512143730649998,-0.5332509461933772,-0.14904235959022039,-0.07218827555871105,-0.5383512701820958,0.830444632800676,0.14961231232265504,0.5303682322413739,0.32654968705633713,-0.13953235668681327,-0.5462900879576444,0.0907193512571806,0.06420490602076934,-0.2764015287262241,-1.5218309913636339,-0.22491307576111605,-0.5311704907664675,1.077523528677743,-0.32794704460655744,-0.5194420102577574,-0.5324908349896788,0.05252426601363921,0.5276826993160222,-2.1363495668765915,-0.20406184086589976,-0.5333808021932807,1.223232334854809,0.5883922822570941,-0.1978857723548905,0.9661811977658166,0.2083690777886978,-0.5421828343222987,-0.09486906309688443,-0.05418092177914064,-0.5523043370486485,0.6424867662096558,-1.3909574997772747,0.5244998773731383,0.355056742244469,0.8132760736889315,-0.5468728009102883,9.043178148502719e-05,0.6787635000423029,-0.566946709513841,0.8756700580553611,0.12885116119952897,0.0,0.22236733196654176,0.46856720769678417,-0.566946709513841,0.7135839497897836,0.7207442557200998,-0.566946709513841,0.8270732358209525,-0.06663697570825261,0.0,0.2266134066035671,0.6220634862656241,0.0,-0.9195580839289669,-0.25850528033077347,0.0,0.05555649525310157,0.6696595139964461,0.0,-0.27989697418607185,0.7586337494273045,0.0,-0.4226441982572339,-0.06276988397365484,0.0,0.08777775956460394,-1.1224299042785286,0.0,-0.7422125842968288,0.4123144992682989,0.0,0.51247175757553,-0.8717607821581449,0.0,0.221042987191136,-0.9352918931235268,0.0,-0.7778938405062586,0.19649462425601516,0.0,0.7491517177176675,-0.4191461787586378,0.0,-0.65733352833602,-0.0367817860612301,0.0,1.1565074948914056,0.06653644271509065,0.0,0.5921749981684954,-0.5390095720715936,0.0,-1.5661734766642446,0.39632882582440093,0.0,1.222982184210932
Zarif,2,0,0.49021829962290364,-0.5218332024945121,-1.9974040043431012,0.5381550153463873,-0.5423735443094563,0.260414233356323,1.3547369369083169,-0.5471000811765304,-0.4777585892948235,-1.2704296300261484,0.5088253758066017,-1.3699423195943035,1.4253580311260596,-0.5421463903963781,0.5286450363101186,0.9811507126464492,-0.5480313080634654,-0.458832610870952,-0.08370297630040328,-0.536599432538535,0.5624649488981472,-0.3507305876497988,-0.5519369519520001,-0.5695172124721768,-0.5239135633383106,0.4567950904736171,-2.2897734843419277,-0.0052808196493481915,-0.5448555961074332,0.3793394449195124,0.9068034864724736,0.5036753153591301,-0.03615716065110776,0.2235670536757518,-0.5381715887040436,0.4436694910413622,-0.2536274229296622,-0.4920756669812765,1.3540824018631117,-1.4032019105176814,0.5416500576999419,0.24682501037246024,0.5448809025223196,-0.5369048334187074,0.7595397266461852,-0.2735469018735503,-0.1899167700116268,0.5910206377189886,0.05655442140014326,-0.5332509461933772,0.39670417230698524,1.5294487731970061,-0.5383512701820958,2.6848569396070343,0.44566128001946875,0.5303682322413739,0.4453442941717027,0.449455961063061,-0.5462900879576444,0.7473311630107176,0.17957561058878677,-0.2764015287262241,-2.1432954816448726,-0.0897697211371321,-0.5311704907664675,1.1579563947967444,-0.38398890411008507,-0.5194420102577574,1.3097657925272357,0.14820093585339164,0.5276826993160222,-2.2594288894363705,-0.28877181093600035,-0.5333808021932807,1.9993987961061954,0.3106106837685486,-0.1978857723548905,1.0437551708092925,0.47281188025893134,-0.5421828343222987,0.22350997910037468,-0.049328548423952574,-0.5523043370486485,0.40412247675775126,-1.0307426410501563,0.5244998773731383,-0.47584298106315576,0.5979219321510728,-0.5468728009102883,0.48798173616025825,0.3795418173341119,-0.566946709513841,0.40335358499157403,0.27939446140390733,0.0,0.1408007285883655,0.3239404954522928,-0.566946709513841,0.5591188487121186,0.4824102750697062,-0.566946709513841,-0.008040659839648174,-0.03208819788282925,0.0,0.5225598232250915,0.013105691576263923,0.0,-1.2208247931916167,-0.6005893134069995,0.0,0.3517073123199085,-0.25464299713846744,0.0,-0.4635802454895577,0.5211884594745498,0.0,-1.0957365119005655,-0.667850703865877,0.0,0.40893427243307684,-0.878867779280542,0.0,-0.157725293700126,1.3264722963541788,0.0,1.520852083333002,-0.35754820857044933,0.0,0.6677932373683271,-1.202525957012503,0.0,-1.0637484424074293,0.8410831883000771,0.0,1.2478460958887938,-1.4876737268941422,0.0,-2.281888384080171,0.05699406440323527,0.0,1.2348550147099913,-0.5959533667101247,0.0,0.07030168959346729,-1.1680829001907462,0.0,-1.868743476494351,0.3890871507984426,0.0,1.073118207484622
Zarif,3,0,0.707923719490793,-0.5218332024945121,-1.5947569283628835,0.7331175362686942,-0.5423735443094563,0.16911643534869958,1.337297015705772,-0.5471000811765304,-0.3229404199930468,-1.1973209730731877,0.5088253758066017,-1.4996235928273105,1.3759354257898122,-0.5421463903963781,0.6808703024414491,0.5612782044332354,-0.5480313080634654,-0.5577883660300608,-0.3663588154142912,-0.536599432538535,0.7091832534739944,-0.2847359566129605,-0.5519369519520001,-0.6997651011582304,-0.2227170893605426,0.4567950904736171,-2.519083935114096,-0.09184034148177123,-0.5448555961074332,0.3631648157070348,0.8139378416314669,0.5036753153591301,0.06327188104250711,0.43007309146133604,-0.5381715887040436,0.39354411100743864,-0.3029363166845349,-0.4920756669812765,1.248842217103323,-1.3920902520255016,0.5416500576999419,-0.1943693181260654,0.5064281355216496,-0.5369048334187074,0.8993008262679598,-0.2941108471022848,-0.1899167700116268,0.4581834506522924,0.2572228809930317,-0.5332509461933772,0.5903838700468975,1.700035147168133,-0.5383512701820958,2.4583748073450575,0.3995629153111425,0.5303682322413739,0.32672720403018635,0.5660124553838398,-0.5462900879576444,0.7445766614733049,0.3086237108490224,-0.2764015287262241,-2.325001050728253,0.2300507422587247,-0.5311704907664675,1.2810562364302394,-0.33002607691307045,-0.5194420102577574,1.4738611536516324,-0.11041366042454968,0.5276826993160222,-2.4203613587084547,-0.11150218534321786,-0.5333808021932807,2.1684881984427715,0.18868354047397004,-0.1978857723548905,0.8793547387315019,0.213875338732869,-0.5421828343222987,0.40228569043082035,-0.00019230190539721483,-0.5523043370486485,0.49976928465518294,-0.9011288040599418,0.5244998773731383,-0.7008153106275948,0.5449095022390537,-0.5468728009102883,0.681881374204046,0.23560716813691415,-0.566946709513841,0.27464798041718674,0.41245063678418986,0.0,0.05783900283691036,0.29850978230046454,-0.566946709513841,0.6340080738107629,-0.01782658604114669,-0.566946709513841,0.2944325325145999,0.37773013378962705,0.0,0.4329308591606331,0.7061708952933933,0.0,-0.9308754066005197,0.13417979037796723,0.0,0.7576144768547463,0.9733774161424851,0.0,0.0147368262088797,1.0293278034245914,0.0,-0.8438646546100149,-0.02855028299165974,0.0,0.5722024814643569,-1.030194961787032,0.0,-0.3227344706080056,0.9268143474815504,0.0,1.3629537745776983,-0.6440104260691879,0.0,0.4219880888951952,-1.1261783729628139,0.0,-1.0382087878912118,0.5493409262093092,0.0,1.077453503687041,-2.064416821362683,0.0,-2.6347021252446163,0.19047202340306038,0.0,1.3571338859474749,-1.177278765973062,0.0,-0.4971271387464368,-1.2599688443618005,0.0,-1.9655019572063106,0.08046428000604403,0.0,0.7821205257696995
Zarif,4,0,0.7384220543668424,-0.5218332024945121,-0.09028234439430904,0.7270890678771746,-0.5423735443094563,-1.436601143819112,1.093296597350725,-0.5471000811765304,-1.3641670699471355,-1.4194119987103047,0.5088253758066017,1.3402723533422434,1.3660927493201291,-0.5421463903963781,-1.45277001184019,0.955229548760523,-0.5480313080634654,-0.5998821560428077,-0.13789585582975714,-0.536599432538535,-1.4108661182066096,-0.2984439013961735,-0.5519369519520001,-1.3467162939871924,-0.035423593877207005,0.4567950904736171,1.2914290042676737,-0.18182745380619694,-0.5448555961074332,-1.4478889151599752,0.7566337078211793,0.5036753153591301,-0.22174666271928054,0.45587979136042156,-0.5381715887040436,-1.3726066085449393,-0.22078534461401544,-0.4920756669812765,-1.1566493553937915,-1.531025247894531,0.5416500576999419,1.1973334577526336,0.631733449261589,-0.5369048334187074,-1.3121288688559236,-0.8327061346717503,-0.1899167700116268,0.8360220785448577,0.5341598947818197,-0.5332509461933772,-1.351094429885412,2.1600451853670033,-0.5383512701820958,-1.0215712229598437,-0.12554120149976286,0.5303682322413739,1.1806701437318947,1.1582144663348979,-0.5462900879576444,-1.2886078069545166,-0.15914458637903572,-0.2764015287262241,0.2853725474263811,0.05345735772874459,-0.5311704907664675,-1.2239071244000364,-0.48903756871212034,-0.5194420102577574,-1.1227353066733008,-0.11549861380923053,0.5276826993160222,1.0162682629295805,-0.19288305989773943,-0.5333808021932807,-1.100367826806181,0.6291933027314861,-0.1978857723548905,0.28338810735076664,1.0001064999271256,-0.5421828343222987,-1.4281259543751403,-0.08553324845127289,-0.5523043370486485,-1.2193458047288268,-0.7564057170598766,0.5244998773731383,1.2819840138039207,0.413301347141634,-0.5468728009102883,-1.3650674346249227,-0.05901230655447821,-0.566946709513841,-1.3283971641625187,0.8779167981561292,0.0,-1.2973151868549828,0.4691542915371975,-0.566946709513841,-1.532633826782895,-0.2167651277864593,-0.566946709513841,-0.10685628403165713,0.7599299230388874,0.0,-1.3646394063903917,0.7337178490865127,0.0,0.17614286761624076,0.40451740062386077,0.0,-1.303646239228569,0.9462868085752516,0.0,-0.8304652165641213,0.3265880505955071,0.0,1.2209149153421552,0.5481402051893579,0.0,-1.3878258354303459,-1.3217005753025277,0.0,0.6242914188435345,0.7234695688685107,0.0,-1.2675761036010862,-0.9763841779659906,0.0,-0.5529277064504563,-1.2913766463659488,0.0,1.273303578630356,0.4465160357870194,0.0,-1.3430607915177244,-2.0898086986320568,0.0,-0.42609702290828344,0.7057536970557504,0.0,-1.2634109329146468,-1.3798089537596867,0.0,-1.3194508211840854,-1.787118154929005,0.0,1.0015373843205277,0.29821625112114886,0.0,-1.3529900628073903
Zarif,5,0,0.6236843096871312,-0.5218332024945121,-0.09028234439430904,1.2298285057414675,-0.5423735443094563,-1.436601143819112,1.4296695547436653,-0.5471000811765304,-1.3641670699471355,-2.0984439551369607,0.5088253758066017,1.3402723533422434,1.919071704244597,-0.5421463903963781,-1.45277001184019,0.40063319112656604,-0.5480313080634654,-0.5998821560428077,-0.029423094691315422,-0.536599432538535,-1.4108661182066096,-0.7452408538107301,-0.5519369519520001,-1.3467162939871924,-0.15552396524710632,0.4567950904736171,1.2914290042676737,-0.4250580752356701,-0.5448555961074332,-1.4478889151599752,-0.1785853472323435,0.5036753153591301,-0.22174666271928054,0.6047802838216003,-0.5381715887040436,-1.3726066085449393,-0.6425830051192885,-0.4920756669812765,-1.1566493553937915,-1.4125912533750649,0.5416500576999419,1.1973334577526336,0.2909097987918317,-0.5369048334187074,-1.3121288688559236,-0.12603912370783626,-0.1899167700116268,0.8360220785448577,0.7453892228800335,-0.5332509461933772,-1.351094429885412,1.845521326406049,-0.5383512701820958,-1.0215712229598437,0.8509903092441241,0.5303682322413739,1.1806701437318947,0.32516100926577596,-0.5462900879576444,-1.2886078069545166,-0.140909377335212,-0.2764015287262241,0.2853725474263811,0.079889078905807,-0.5311704907664675,-1.2239071244000364,-0.6322457508826677,-0.5194420102577574,-1.1227353066733008,0.22600740946498854,0.5276826993160222,1.0162682629295805,-0.4651169438234615,-0.5333808021932807,-1.100367826806181,-0.4512461159817795,-0.1978857723548905,0.28338810735076664,0.6287823696307169,-0.5421828343222987,-1.4281259543751403,-0.4344560283981024,-0.5523043370486485,-1.2193458047288268,-0.7859078807673427,0.5244998773731383,1.2819840138039207,0.250925638451637,-0.5468728009102883,-1.3650674346249227,0.15343911622942183,-0.566946709513841,-1.3283971641625187,0.4083754626184762,0.0,-1.2973151868549828,0.2851210440299698,-0.566946709513841,-1.532633826782895,0.07808033482819257,-0.566946709513841,-0.10685628403165713,0.277007841075322,0.0,-1.3646394063903917,0.3986306717618286,0.0,0.17614286761624076,-0.0025846651707140717,0.0,-1.303646239228569,0.20450835642984744,0.0,-0.8304652165641213,0.49308854393744783,0.0,1.2209149153421552,-0.24249784216794876,0.0,-1.3878258354303459,-1.6439494069878529,0.0,0.6242914188435345,0.6253714735144966,0.0,-1.2675761036010862,-0.1846164942316688,0.0,-0.5529277064504563,-1.2314329109615012,0.0,1.273303578630356,1.0012457094014007,0.0,-1.3430607915177244,-1.2614250021186062,0.0,-0.42609702290828344,-0.290008199132811,0.0,-1.2634109329146468,-0.8167343547137479,0.0,-1.3194508211840854,-0.7225421172923157,0.0,1.0015373843205277,-0.04374251947016654,0.0,-1.3529900628073903
Zarif,6,1,0.47168469088286213,-0.5218332024945121,-0.09028234439430904,0.2946770603237207,-0.5423735443094563,-1.436601143819112,1.1154860885075022,-0.5471000811765304,-1.3641670699471355,-1.6040811922646336,0.5088253758066017,1.3402723533422434,1.4791546984131154,-0.5421463903963781,-1.45277001184019,1.1888485382044862,-0.5480313080634654,-0.5998821560428077,-0.22057517124774798,-0.536599432538535,-1.4108661182066096,-0.509444509539817,-0.5519369519520001,-1.3467162939871924,-0.7095916649787938,0.4567950904736171,1.2914290042676737,-0.029883519756212187,-0.5448555961074332,-1.4478889151599752,0.28729932386957363,0.5036753153591301,-0.22174666271928054,-0.10747343403431966,-0.5381715887040436,-1.3726066085449393,-0.787791487749304,-0.4920756669812765,-1.1566493553937915,-1.4369256225968061,0.5416500576999419,1.1973334577526336,0.2066876385557343,-0.5369048334187074,-1.3121288688559236,0.0415842516018488,-0.1899167700116268,0.8360220785448577,-0.00823267447118193,-0.5332509461933772,-1.351094429885412,1.6628112175133358,-0.5383512701820958,-1.0215712229598437,0.8007878760524372,0.5303682322413739,1.1806701437318947,0.2693627291286275,-0.5462900879576444,-1.2886078069545166,0.0789776899380271,-0.2764015287262241,0.2853725474263811,-0.33350371840060306,-0.5311704907664675,-1.2239071244000364,-0.6020989142971248,-0.5194420102577574,-1.1227353066733008,0.213003545543815,0.5276826993160222,1.0162682629295805,-0.44165881938312956,-0.5333808021932807,-1.100367826806181,0.0028989530898965894,-0.1978857723548905,0.28338810735076664,0.38410710187698327,-0.5421828343222987,-1.4281259543751403,-0.27003650774697274,-0.5523043370486485,-1.2193458047288268,-0.7997897130618258,0.5244998773731383,1.2819840138039207,0.34424424259242126,-0.5468728009102883,-1.3650674346249227,0.43603460565275726,-0.566946709513841,-1.3283971641625187,0.8323828658892836,0.0,-1.2973151868549828,0.40015340701685126,-0.566946709513841,-1.532633826782895,-0.32215704411311213,-0.566946709513841,-0.10685628403165713,0.7690871056646172,0.0,-1.3646394063903917,0.17880765692084963,0.0,0.17614286761624076,-0.16335984944621304,0.0,-1.303646239228569,0.3020110803803129,0.0,-0.8304652165641213,0.5002454341922401,0.0,1.2209149153421552,-0.1633845978932485,0.0,-1.3878258354303459,-0.4172775033977841,0.0,0.6242914188435345,1.9387920413066335,0.0,-1.2675761036010862,0.3337294030453571,0.0,-0.5529277064504563,-1.3435970669648518,0.0,1.273303578630356,1.5050148866398918,0.0,-1.3430607915177244,-0.3118385592811885,0.0,-0.42609702290828344,0.5032351263259457,0.0,-1.2634109329146468,-0.5379772403649754,0.0,-1.3194508211840854,-0.7225312540525174,0.0,1.0015373843205277,0.13318660737374363,0.0,-1.3529900628073903
Zarif,7,0,0.19951453438070615,-0.5218332024945121,-0.09028234439430904,0.38357968870036935,-0.5423735443094563,-1.436601143819112,1.3068229353949705,-0.5471000811765304,-1.3641670699471355,-1.562593255160812,0.5088253758066017,1.3402723533422434,1.5595105656308286,-0.5421463903963781,-1.45277001184019,1.5968092449695317,-0.5480313080634654,-0.5998821560428077,0.41412261169772663,-0.536599432538535,-1.4108661182066096,-0.4415148346308343,-0.5519369519520001,-1.3467162939871924,-0.1319007692733356,0.4567950904736171,1.2914290042676737,-0.23464242769471896,-0.5448555961074332,-1.4478889151599752,0.3034151323340698,0.5036753153591301,-0.22174666271928054,0.3287561627288367,-0.5381715887040436,-1.3726066085449393,-0.3057811649442764,-0.4920756669812765,-1.1566493553937915,-1.5286890089238911,0.5416500576999419,1.1973334577526336,0.5740033257989422,-0.5369048334187074,-1.3121288688559236,-1.1539247494092368,-0.1899167700116268,0.8360220785448577,0.4087456846464523,-0.5332509461933772,-1.351094429885412,1.2360548379863727,-0.5383512701820958,-1.0215712229598437,0.6045876388211142,0.5303682322413739,1.1806701437318947,0.193769415876154,-0.5462900879576444,-1.2886078069545166,0.5947047950920828,-0.2764015287262241,0.2853725474263811,-0.48670928835988286,-0.5311704907664675,-1.2239071244000364,-0.429180958822017,-0.5194420102577574,-1.1227353066733008,0.024191963078639307,0.5276826993160222,1.0162682629295805,-0.24144719002035994,-0.5333808021932807,-1.100367826806181,-0.4019307689825185,-0.1978857723548905,0.28338810735076664,1.1476325158761953,-0.5421828343222987,-1.4281259543751403,0.14919904993052308,-0.5523043370486485,-1.2193458047288268,-1.2152678763680271,0.5244998773731383,1.2819840138039207,0.8120636683005621,-0.5468728009102883,-1.3650674346249227,0.13936727613191024,-0.566946709513841,-1.3283971641625187,1.3625722672703537,0.0,-1.2973151868549828,0.44964831833691743,-0.566946709513841,-1.532633826782895,-0.07839804861814686,-0.566946709513841,-0.10685628403165713,0.6143854874069619,0.0,-1.3646394063903917,0.12923306227433512,0.0,0.17614286761624076,-0.31268258651748415,0.0,-1.303646239228569,0.21141950415137892,0.0,-0.8304652165641213,0.29950691370240806,0.0,1.2209149153421552,-0.07107449619040528,0.0,-1.3878258354303459,-1.0276948535065773,0.0,0.6242914188435345,1.5720699025276124,0.0,-1.2675761036010862,0.026286379877371053,0.0,-0.5529277064504563,-1.3524765010991056,0.0,1.273303578630356,1.2762441059647986,0.0,-1.3430607915177244,-1.4878431678764936,0.0,-0.42609702290828344,0.13355797937572317,0.0,-1.2634109329146468,-0.7818689016986048,0.0,-1.3194508211840854,-1.441437022175025,0.0,1.0015373843205277,0.4506572361208433,0.0,-1.3529900628073903
Zarif,8,0,0.3818793860731975,-0.5218332024945121,-0.09028234439430904,1.2421284959382095,-0.5423735443094563,-1.436601143819112,1.0205359011108812,-0.5471000811765304,-1.3641670699471355,-1.64952370061073,0.5088253758066017,1.3402723533422434,1.4528864331441214,-0.5421463903963781,-1.45277001184019,1.439084050899912,-0.5480313080634654,-0.5998821560428077,0.7850262932630052,-0.536599432538535,-1.4108661182066096,-0.44963817819473134,-0.5519369519520001,-1.3467162939871924,-0.41786786059266817,0.4567950904736171,1.2914290042676737,-0.11643738088965111,-0.5448555961074332,-1.4478889151599752,0.2231571672694208,0.5036753153591301,-0.22174666271928054,0.5850045750813913,-0.5381715887040436,-1.3726066085449393,-0.23939702659072676,-0.4920756669812765,-1.1566493553937915,-1.5325659648784014,0.5416500576999419,1.1973334577526336,0.6201358805418117,-0.5369048334187074,-1.3121288688559236,-0.6875331986782511,-0.1899167700116268,0.8360220785448577,1.071410110094999,-0.5332509461933772,-1.351094429885412,2.173000996086411,-0.5383512701820958,-1.0215712229598437,0.34097447530669095,0.5303682322413739,1.1806701437318947,0.8411794818234506,-0.5462900879576444,-1.2886078069545166,0.17691379518330796,-0.2764015287262241,0.2853725474263811,0.26832951799938487,-0.5311704907664675,-1.2239071244000364,-0.1795341619620415,-0.5194420102577574,-1.1227353066733008,-0.3426465768452704,0.5276826993160222,1.0162682629295805,0.10177968974242385,-0.5333808021932807,-1.100367826806181,-0.543722822976108,-0.1978857723548905,0.28338810735076664,1.686452443603433,-0.5421828343222987,-1.4281259543751403,0.059525005582990835,-0.5523043370486485,-1.2193458047288268,-1.094883487324416,0.5244998773731383,1.2819840138039207,0.692937675650845,-0.5468728009102883,-1.3650674346249227,0.16028934494072838,-0.566946709513841,-1.3283971641625187,0.27844756588668035,0.0,-1.2973151868549828,0.32004994821379507,-0.566946709513841,-1.532633826782895,0.28520872616914045,-0.566946709513841,-0.10685628403165713,0.13690887503991708,0.0,-1.3646394063903917,0.06256274862375111,0.0,0.17614286761624076,0.5890576832010731,0.0,-1.303646239228569,0.24480250973491607,0.0,-0.8304652165641213,-0.08932609762340833,0.0,1.2209149153421552,0.2902968178550876,0.0,-1.3878258354303459,-0.7693479780884512,0.0,0.6242914188435345,2.1022284823124244,0.0,-1.2675761036010862,0.6813722888385966,0.0,-0.5529277064504563,-1.2779288707512868,0.0,1.273303578630356,1.7120399363056547,0.0,-1.3430607915177244,-0.6674161471546247,0.0,-0.42609702290828344,0.11435434393094127,0.0,-1.2634109329146468,0.13126044814063517,0.0,-1.3194508211840854,-0.14823939704554198,0.0,1.0015373843205277,0.1806994221029265,0.0,-1.3529900628073903
Zarif,9,0,0.2622299803915408,-0.5218332024945121,-0.09028234439430904,0.6095425989843251,-0.5423735443094563,-1.436601143819112,1.2436242062418879,-0.5471000811765304,-1.3641670699471355,-0.62715999899511,0.5088253758066017,1.3402723533422434,1.0133045864263295,-0.5421463903963781,-1.45277001184019,-0.7155234064143593,-0.5480313080634654,-0.5998821560428077,0.470554662428838,-0.536599432538535,-1.4108661182066096,-0.3031037864455574,-0.5519369519520001,-1.3467162939871924,-1.3290607816218305,0.4567950904736171,1.2914290042676737,0.37409535424974255,-0.5448555961074332,-1.4478889151599752,-1.2069538850482522,0.5036753153591301,-0.22174666271928054,0.3083760456064356,-0.5381715887040436,-1.3726066085449393,-0.08962452358119993,-0.4920756669812765,-1.1566493553937915,-0.6641246423091877,0.5416500576999419,1.1973334577526336,0.27812124243104386,-0.5369048334187074,-1.3121288688559236,-0.8168479314231964,-0.1899167700116268,0.8360220785448577,-0.10360075271869014,-0.5332509461933772,-1.351094429885412,0.15948639132475886,-0.5383512701820958,-1.0215712229598437,0.11059224220778942,0.5303682322413739,1.1806701437318947,0.002410175368006244,-0.5462900879576444,-1.2886078069545166,0.16166834956753237,-0.2764015287262241,0.2853725474263811,-0.66915209013334,-0.5311704907664675,-1.2239071244000364,-0.92894724897033,-0.5194420102577574,-1.1227353066733008,0.40177554472588434,0.5276826993160222,1.0162682629295805,-0.723457685336785,-0.5333808021932807,-1.100367826806181,-0.12773721599000368,-0.1978857723548905,0.28338810735076664,-0.2510850055452636,-0.5421828343222987,-1.4281259543751403,-0.3688846196384147,-0.5523043370486485,-1.2193458047288268,-0.8451343855384396,0.5244998773731383,1.2819840138039207,0.32061390172633397,-0.5468728009102883,-1.3650674346249227,0.6404334052431698,-0.566946709513841,-1.3283971641625187,-1.170287607172256,0.0,-1.2973151868549828,0.2699529639928695,-0.566946709513841,-1.532633826782895,1.7000904440917943,-0.566946709513841,-0.10685628403165713,-1.1702213872170428,0.0,-1.3646394063903917,1.9804580434127772,0.0,0.17614286761624076,0.2890915105136308,0.0,-1.303646239228569,1.7635592976669268,0.0,-0.8304652165641213,1.4860077362966364,0.0,1.2209149153421552,0.2719967019937033,0.0,-1.3878258354303459,-0.6942902747913776,0.0,0.6242914188435345,-0.718669573918868,0.0,-1.2675761036010862,-1.408621307095937,0.0,-0.5529277064504563,0.014434795477150892,0.0,1.273303578630356,-1.0993516202770137,0.0,-1.3430607915177244,-0.8767575380123594,0.0,-0.42609702290828344,0.2156522504430474,0.0,-1.2634109329146468,0.1490365726041336,0.0,-1.3194508211840854,-0.3198982012630993,0.0,1.0015373843205277,0.3047517327430573,0.0,-1.3529900628073903
Zarif,10,0,0.3424357108577754,-0.5218332024945121,-0.09028234439430904,0.5976624987564428,-0.5423735443094563,-1.436601143819112,0.9870973696021289,-0.5471000811765304,-1.3641670699471355,-1.3559985483741703,0.5088253758066017,1.3402723533422434,1.274164738267807,-0.5421463903963781,-1.45277001184019,0.9151365374153437,-0.5480313080634654,-0.5998821560428077,0.3889508893072657,-0.536599432538535,-1.4108661182066096,-0.7227214564093644,-0.5519369519520001,-1.3467162939871924,-0.4236112212598471,0.4567950904736171,1.2914290042676737,-0.2943383868159287,-0.5448555961074332,-1.4478889151599752,-0.33739520392565353,0.5036753153591301,-0.22174666271928054,0.3190761827800017,-0.5381715887040436,-1.3726066085449393,-0.19205893126409807,-0.4920756669812765,-1.1566493553937915,-1.2203794112893336,0.5416500576999419,1.1973334577526336,0.4928634038810711,-0.5369048334187074,-1.3121288688559236,-0.7458775807658621,-0.1899167700116268,0.8360220785448577,0.42873016688842897,-0.5332509461933772,-1.351094429885412,1.7625445644916005,-0.5383512701820958,-1.0215712229598437,0.7217214079671553,0.5303682322413739,1.1806701437318947,0.3736415997870687,-0.5462900879576444,-1.2886078069545166,0.49040566804407487,-0.2764015287262241,0.2853725474263811,-0.33634172546776625,-0.5311704907664675,-1.2239071244000364,-0.7486523304965271,-0.5194420102577574,-1.1227353066733008,-0.29351302876379703,0.5276826993160222,1.0162682629295805,-0.22819588323080642,-0.5333808021932807,-1.100367826806181,-0.8113562447968202,-0.1978857723548905,0.28338810735076664,0.745790605762912,-0.5421828343222987,-1.4281259543751403,-0.5971834782029417,-0.5523043370486485,-1.2193458047288268,-0.795994765316263,0.5244998773731383,1.2819840138039207,0.17297743276122252,-0.5468728009102883,-1.3650674346249227,0.009718560520766301,-0.566946709513841,-1.3283971641625187,0.25379780016678677,0.0,-1.2973151868549828,0.3624595380449444,-0.566946709513841,-1.532633826782895,-0.3370888087585781,-0.566946709513841,-0.10685628403165713,0.7365261794563346,0.0,-1.3646394063903917,0.11488228178564937,0.0,0.17614286761624076,1.7522597037766952,0.0,-1.303646239228569,1.336865696622215,0.0,-0.8304652165641213,-0.3639693920958692,0.0,1.2209149153421552,1.4795098240648619,0.0,-1.3878258354303459,-0.9301377799015833,0.0,0.6242914188435345,1.36127384814983,0.0,-1.2675761036010862,-0.05185652814726391,0.0,-0.5529277064504563,-1.17663130286129,0.0,1.273303578630356,1.0527026007517375,0.0,-1.3430607915177244,-0.7427425226273734,0.0,-0.42609702290828344,0.2757084143661224,0.0,-1.2634109329146468,0.5742745368456579,0.0,-1.3194508211840854,-0.2125441031374857,0.0,1.0015373843205277,0.5041391793459141,0.0,-1.3529900628073903
Zarif,11,0,0.6841665357346093,-0.5218332024945121,-0.09028234439430904,0.06635136805052853,-0.5423735443094563,-1.436601143819112,0.904604535513229,-0.5471000811765304,-1.3641670699471355,-1.0117300564077927,0.5088253758066017,1.3402723533422434,1.0412354152261454,-0.5421463903963781,-1.45277001184019,0.33109592670454996,-0.5480313080634654,-0.5998821560428077,-0.1272572595934178,-0.536599432538535,-1.4108661182066096,-0.8359877839300892,-0.5519369519520001,-1.3467162939871924,-0.8025215415484409,0.4567950904736171,1.2914290042676737,-0.2054224079443024,-0.5448555961074332,-1.4478889151599752,-0.018297314831556676,0.5036753153591301,-0.22174666271928054,0.04259376815969743,-0.5381715887040436,-1.3726066085449393,-0.6026648192406135,-0.4920756669812765,-1.1566493553937915,-1.264086614579192,0.5416500576999419,1.1973334577526336,0.24194224598866904,-0.5369048334187074,-1.3121288688559236,-0.5602683701214125,-0.1899167700116268,0.8360220785448577,-0.6352428198116059,-0.5332509461933772,-1.351094429885412,0.2945350842076168,-0.5383512701820958,-1.0215712229598437,0.8224571949081597,0.5303682322413739,1.1806701437318947,-0.42419226124395215,-0.5462900879576444,-1.2886078069545166,-0.4348355858327228,-0.2764015287262241,0.2853725474263811,-0.49020020639710415,-0.5311704907664675,-1.2239071244000364,-0.9438925418163013,-0.5194420102577574,-1.1227353066733008,0.24395510668046305,0.5276826993160222,1.0162682629295805,-0.6406610906429548,-0.5333808021932807,-1.100367826806181,0.05405288247594355,-0.1978857723548905,0.28338810735076664,0.15640056276174813,-0.5421828343222987,-1.4281259543751403,-0.2938994922006266,-0.5523043370486485,-1.2193458047288268,-0.9264220470275311,0.5244998773731383,1.2819840138039207,0.40850709369603583,-0.5468728009102883,-1.3650674346249227,0.27527932378873504,-0.566946709513841,-1.3283971641625187,0.6064083344851865,0.0,-1.2973151868549828,0.3793719976805659,-0.566946709513841,-1.532633826782895,-0.23479795377829574,-0.566946709513841,-0.10685628403165713,0.6669289408528702,0.0,-1.3646394063903917,0.21550811404058354,0.0,0.17614286761624076,0.12143345243583226,0.0,-1.303646239228569,0.08278051425200258,0.0,-0.8304652165641213,-0.3491589761026167,0.0,1.2209149153421552,0.3706552490626767,0.0,-1.3878258354303459,-1.2849611974155708,0.0,0.6242914188435345,1.0146553582750308,0.0,-1.2675761036010862,-0.6236172837756139,0.0,-0.5529277064504563,-1.3240620693820881,0.0,1.273303578630356,0.7488275559997256,0.0,-1.3430607915177244,-1.1710331803552403,0.0,-0.42609702290828344,-0.39854022972399883,0.0,-1.2634109329146468,0.4035974682288196,0.0,-1.3194508211840854,-0.2423294793774496,0.0,1.0015373843205277,0.41537200907438393,0.0,-1.3529900628073903
Zarif,12,0,0.7948346286485863,-0.5218332024945121,-0.09028234439430904,0.9683014327499615,-0.5423735443094563,-1.436601143819112,1.3302372398478357,-0.5471000811765304,-1.3641670699471355,-1.3860750560943893,0.5088253758066017,1.3402723533422434,1.475477647795064,-0.5421463903963781,-1.45277001184019,0.9353396157455596,-0.5480313080634654,-0.5998821560428077,0.3866751744459503,-0.536599432538535,-1.4108661182066096,-0.6413839691482175,-0.5519369519520001,-1.3467162939871924,-0.29655831955794704,0.4567950904736171,1.2914290042676737,-0.2955131571034179,-0.5448555961074332,-1.4478889151599752,-0.13460337446722226,0.5036753153591301,-0.22174666271928054,0.5092771947949863,-0.5381715887040436,-1.3726066085449393,-0.5497894887928481,-0.4920756669812765,-1.1566493553937915,-1.464133303582492,0.5416500576999419,1.1973334577526336,0.37885095873009844,-0.5369048334187074,-1.3121288688559236,-0.347860920263148,-0.1899167700116268,0.8360220785448577,0.5232653314199728,-0.5332509461933772,-1.351094429885412,1.5177420500785397,-0.5383512701820958,-1.0215712229598437,0.6153580746661708,0.5303682322413739,1.1806701437318947,0.3259908861562337,-0.5462900879576444,-1.2886078069545166,-0.34021744798749093,-0.2764015287262241,0.2853725474263811,0.10618641944957098,-0.5311704907664675,-1.2239071244000364,-0.7449522841248057,-0.5194420102577574,-1.1227353066733008,0.12624281837983609,0.5276826993160222,1.0162682629295805,-0.4675232325067626,-0.5333808021932807,-1.100367826806181,-0.5498862261298824,-0.1978857723548905,0.28338810735076664,1.0954780989290065,-0.5421828343222987,-1.4281259543751403,-0.4309462642554,-0.5523043370486485,-1.2193458047288268,-0.8582015138192409,0.5244998773731383,1.2819840138039207,0.2964621143623512,-0.5468728009102883,-1.3650674346249227,0.3092107281112873,-0.566946709513841,-1.3283971641625187,-0.042605668251484305,0.0,-1.2973151868549828,0.39827084009505787,-0.566946709513841,-1.532633826782895,0.5709492844042872,-0.566946709513841,-0.10685628403165713,-0.019936141302387522,0.0,-1.3646394063903917,0.02990631706445448,0.0,0.17614286761624076,-0.002701238666546868,0.0,-1.303646239228569,-0.02473683252286015,0.0,-0.8304652165641213,0.31006036678292503,0.0,1.2209149153421552,-0.28651594888985654,0.0,-1.3878258354303459,-0.8603410816913968,0.0,0.6242914188435345,1.6905824940939036,0.0,-1.2675761036010862,0.7374042665090595,0.0,-0.5529277064504563,-1.136785681417582,0.0,1.273303578630356,1.6241637827971585,0.0,-1.3430607915177244,-1.136863299201173,0.0,-0.42609702290828344,0.051309738121424274,0.0,-1.2634109329146468,-0.5341503377999332,0.0,-1.3194508211840854,-0.6347343740798673,0.0,1.0015373843205277,0.07793854500092016,0.0,-1.3529900628073903
Zarif,13,0,0.18770560318155297,-0.5218332024945121,-0.09028234439430904,0.6033991830155082,-0.5423735443094563,-1.436601143819112,1.306061047116475,-0.5471000811765304,-1.3641670699471355,-0.8467018306024737,0.5088253758066017,1.3402723533422434,1.1671405462152686,-0.5421463903963781,-1.45277001184019,-0.04330187523576881,-0.5480313080634654,-0.5998821560428077,0.14532357317491926,-0.536599432538535,-1.4108661182066096,-0.9649619321829797,-0.5519369519520001,-1.3467162939871924,-0.6071233444744092,0.4567950904736171,1.2914290042676737,-0.3750497841401544,-0.5448555961074332,-1.4478889151599752,-0.9951571878556457,0.5036753153591301,-0.22174666271928054,0.417077803363466,-0.5381715887040436,-1.3726066085449393,-0.15195142854283167,-0.4920756669812765,-1.1566493553937915,-1.4155472738457242,0.5416500576999419,1.1973334577526336,0.618797395827737,-0.5369048334187074,-1.3121288688559236,-0.9802276824865389,-0.1899167700116268,0.8360220785448577,0.4756680899420388,-0.5332509461933772,-1.351094429885412,1.3215502844895985,-0.5383512701820958,-1.0215712229598437,0.8088460663800178,0.5303682322413739,1.1806701437318947,0.09454367267020644,-0.5462900879576444,-1.2886078069545166,-0.10860837038292903,-0.2764015287262241,0.2853725474263811,-0.23027676898654512,-0.5311704907664675,-1.2239071244000364,-0.7963576868665502,-0.5194420102577574,-1.1227353066733008,-0.20064366932527916,0.5276826993160222,1.0162682629295805,-0.3068723190122824,-0.5333808021932807,-1.100367826806181,-0.963778628343896,-0.1978857723548905,0.28338810735076664,0.16106064444066218,-0.5421828343222987,-1.4281259543751403,-0.5966717387608577,-0.5523043370486485,-1.2193458047288268,-1.1358303192609898,0.5244998773731383,1.2819840138039207,0.3787765995998835,-0.5468728009102883,-1.3650674346249227,-0.31599138826052603,-0.566946709513841,-1.3283971641625187,0.17325271931906217,0.0,-1.2973151868549828,-0.10116587227890265,-0.566946709513841,-1.532633826782895,0.16021858601508884,-0.566946709513841,-0.10685628403165713,-0.26382897265356864,0.0,-1.3646394063903917,0.7414324465687552,0.0,0.17614286761624076,0.00763548460009517,0.0,-1.303646239228569,0.41317473155037915,0.0,-0.8304652165641213,0.45741509011668235,0.0,1.2209149153421552,-0.029624761620900032,0.0,-1.3878258354303459,-2.278327741465279,0.0,0.6242914188435345,0.21072946088044547,0.0,-1.2675761036010862,-0.8665734616582785,0.0,-0.5529277064504563,-1.3192216267215156,0.0,1.273303578630356,0.557030558662072,0.0,-1.3430607915177244,-0.9463562128920319,0.0,-0.42609702290828344,-0.051246073853896526,0.0,-1.2634109329146468,-0.4185201344916846,0.0,-1.3194508211840854,-0.4779247830327348,0.0,1.0015373843205277,0.04831861166444846,0.0,-1.3529900628073903
Zarif,14,0,0.5802505919971561,-0.5218332024945121,-0.09028234439430904,0.7692932869640642,-0.5423735443094563,-1.436601143819112,1.1029797523145584,-0.5471000811765304,-1.3641670699471355,-1.0063770353673895,0.5088253758066017,1.3402723533422434,1.145167097268307,-0.5421463903963781,-1.45277001184019,0.31347093388602276,-0.5480313080634654,-0.5998821560428077,0.4872770782574664,-0.536599432538535,-1.4108661182066096,-0.7163034006467476,-0.5519369519520001,-1.3467162939871924,-0.6355879330495837,0.4567950904736171,1.2914290042676737,-0.1985005440605694,-0.5448555961074332,-1.4478889151599752,0.03909631110720085,0.5036753153591301,-0.22174666271928054,0.5156631700359506,-0.5381715887040436,-1.3726066085449393,-0.15536270629032517,-0.4920756669812765,-1.1566493553937915,-1.2085002952976975,0.5416500576999419,1.1973334577526336,0.5112337854630978,-0.5369048334187074,-1.3121288688559236,-0.41365669950066963,-0.1899167700116268,0.8360220785448577,0.4890766192456518,-0.5332509461933772,-1.351094429885412,0.6224020392513847,-0.5383512701820958,-1.0215712229598437,0.36392648747373785,0.5303682322413739,1.1806701437318947,0.05632092752564467,-0.5462900879576444,-1.2886078069545166,0.36548975991564103,-0.2764015287262241,0.2853725474263811,0.5140583676678825,-0.5311704907664675,-1.2239071244000364,-0.12809571014173085,-0.5194420102577574,-1.1227353066733008,-0.5290789683481073,0.5276826993160222,1.0162682629295805,0.23621832682054067,-0.5333808021932807,-1.100367826806181,-0.8887781372675737,-0.1978857723548905,0.28338810735076664,0.42223324326424855,-0.5421828343222987,-1.4281259543751403,-0.516897114752458,-0.5523043370486485,-1.2193458047288268,-1.1487386976041178,0.5244998773731383,1.2819840138039207,0.42778731405366643,-0.5468728009102883,-1.3650674346249227,0.1596737678654586,-0.566946709513841,-1.3283971641625187,0.22534737663501306,0.0,-1.2973151868549828,0.13097018678921235,-0.566946709513841,-1.532633826782895,0.36283655984418534,-0.566946709513841,-0.10685628403165713,-0.16078584067708562,0.0,-1.3646394063903917,0.5573744959368431,0.0,0.17614286761624076,0.5831537821447698,0.0,-1.303646239228569,0.3449371523977352,0.0,-0.8304652165641213,0.40300432876390596,0.0,1.2209149153421552,-0.04278688543703119,0.0,-1.3878258354303459,-1.2989598967669347,0.0,0.6242914188435345,1.6422539484341416,0.0,-1.2675761036010862,0.3819846171216524,0.0,-0.5529277064504563,-1.195464784379253,0.0,1.273303578630356,1.4046529709986708,0.0,-1.3430607915177244,-0.4534177126380133,0.0,-0.42609702290828344,-0.218194138818477,0.0,-1.2634109329146468,0.6579311312718533,0.0,-1.3194508211840854,0.3388227554561462,0.0,1.0015373843205277,0.195024816204432,0.0,-1.3529900628073903
Zarif,15,0,0.7235558411964662,-0.5218332024945121,-0.09028234439430904,0.7381760723281638,-0.5423735443094563,-1.436601143819112,1.2235868130383998,-0.5471000811765304,-1.3641670699471355,-1.3244987180014582,0.5088253758066017,1.3402723533422434,1.3843124229748924,-0.5421463903963781,-1.45277001184019,0.358691992316836,-0.5480313080634654,-0.5998821560428077,0.4526191308354153,-0.536599432538535,-1.4108661182066096,-0.3220678410267871,-0.5519369519520001,-1.3467162939871924,-0.5979623949638788,0.4567950904736171,1.2914290042676737,0.04564976808599099,-0.5448555961074332,-1.4478889151599752,0.5027415707475785,0.5036753153591301,-0.22174666271928054,0.45554797956178367,-0.5381715887040436,-1.3726066085449393,0.3439539208572519,-0.4920756669812765,-1.1566493553937915,-0.9820840236162123,0.5416500576999419,1.1973334577526336,0.7282510484095474,-0.5369048334187074,-1.3121288688559236,-1.2051680128956401,-0.1899167700116268,0.8360220785448577,0.20335656801948385,-0.5332509461933772,-1.351094429885412,0.7163746429928309,-0.5383512701820958,-1.0215712229598437,0.2918851092248633,0.5303682322413739,1.1806701437318947,0.15287217224998978,-0.5462900879576444,-1.2886078069545166,-0.48476703632699053,-0.2764015287262241,0.2853725474263811,0.2214515370507346,-0.5311704907664675,-1.2239071244000364,0.019420870138857693,-0.5194420102577574,-1.1227353066733008,-0.49648057152159275,0.5276826993160222,1.0162682629295805,0.2956892873399628,-0.5333808021932807,-1.100367826806181,0.12128528277026371,-0.1978857723548905,0.28338810735076664,0.669188795237601,-0.5421828343222987,-1.4281259543751403,-0.026386189657621226,-0.5523043370486485,-1.2193458047288268,-1.1629275971917814,0.5244998773731383,1.2819840138039207,0.6897180337620992,-0.5468728009102883,-1.3650674346249227,-0.17495253532318256,-0.566946709513841,-1.3283971641625187,0.71603903433222,0.0,-1.2973151868549828,0.4768365911231767,-0.566946709513841,-1.532633826782895,0.10546015851373572,-0.566946709513841,-0.10685628403165713,0.4853976165751731,0.0,-1.3646394063903917,0.7455681803544897,0.0,0.17614286761624076,0.6478282647531612,0.0,-1.303646239228569,0.6680959584883063,0.0,-0.8304652165641213,0.1085942491565093,0.0,1.2209149153421552,0.4912105963780942,0.0,-1.3878258354303459,-1.6570234210884096,0.0,0.6242914188435345,0.5300387018272411,0.0,-1.2675761036010862,-0.9465146305661263,0.0,-0.5529277064504563,-1.194600468332424,0.0,1.273303578630356,0.3796719980118578,0.0,-1.3430607915177244,-1.7100491981928951,0.0,-0.42609702290828344,0.6119036897123289,0.0,-1.2634109329146468,-1.1526756498035846,0.0,-1.3194508211840854,-1.9882742616185956,0.0,1.0015373843205277,0.574532319433405,0.0,-1.3529900628073903
Zarif,16,0,0.5830221445485861,-0.5218332024945121,-0.09028234439430904,0.7295455446020962,-0.5423735443094563,-1.436601143819112,0.9184435033309031,-0.5471000811765304,-1.3641670699471355,-1.098230752594932,0.5088253758066017,1.3402723533422434,1.0960505375794005,-0.5421463903963781,-1.45277001184019,0.3025466879072162,-0.5480313080634654,-0.5998821560428077,0.6652193282681754,-0.536599432538535,-1.4108661182066096,-0.30185979880777053,-0.5519369519520001,-1.3467162939871924,-1.3049624601752015,0.4567950904736171,1.2914290042676737,0.36450379806905486,-0.5448555961074332,-1.4478889151599752,1.199908366572514,0.5036753153591301,-0.22174666271928054,-0.0034329673671846315,-0.5381715887040436,-1.3726066085449393,-0.39136337574193775,-0.4920756669812765,-1.1566493553937915,-0.25009025864859324,0.5416500576999419,1.1973334577526336,-0.13316372825162465,-0.5369048334187074,-1.3121288688559236,-0.7213324224914592,-0.1899167700116268,0.8360220785448577,0.2137446789440801,-0.5332509461933772,-1.351094429885412,-0.27045861532058413,-0.5383512701820958,-1.0215712229598437,-0.3289738393562227,0.5303682322413739,1.1806701437318947,0.09397392398133463,-0.5462900879576444,-1.2886078069545166,0.945398211600743,-0.2764015287262241,0.2853725474263811,0.2135209875147488,-0.5311704907664675,-1.2239071244000364,-0.08264517115206077,-0.5194420102577574,-1.1227353066733008,0.17394319339372055,0.5276826993160222,1.0162682629295805,-0.1438044611159063,-0.5333808021932807,-1.100367826806181,0.3058133713410454,-0.1978857723548905,0.28338810735076664,0.1119887460872696,-0.5421828343222987,-1.4281259543751403,-0.4437405102061665,-0.5523043370486485,-1.2193458047288268,-0.7339986039910966,0.5244998773731383,1.2819840138039207,0.2147351147655004,-0.5468728009102883,-1.3650674346249227,0.4755726210986221,-0.566946709513841,-1.3283971641625187,0.34535836742819376,0.0,-1.2973151868549828,0.3206768675128804,-0.566946709513841,-1.532633826782895,-0.2984672755436156,-0.566946709513841,-0.10685628403165713,0.651831172672732,0.0,-1.3646394063903917,0.4202669512019509,0.0,0.17614286761624076,0.18525469016322052,0.0,-1.303646239228569,0.7800681769940786,0.0,-0.8304652165641213,0.24635387440955644,0.0,1.2209149153421552,0.47139406963103947,0.0,-1.3878258354303459,-0.977976612657473,0.0,0.6242914188435345,1.2288735267402109,0.0,-1.2675761036010862,-0.5237474438883859,0.0,-0.5529277064504563,-1.1083804642219826,0.0,1.273303578630356,0.6255270695514894,0.0,-1.3430607915177244,0.07160472316723726,0.0,-0.42609702290828344,0.09427786520955034,0.0,-1.2634109329146468,1.2696317275368902,0.0,-1.3194508211840854,-0.020086108990998663,0.0,1.0015373843205277,0.8190721404360667,0.0,-1.3529900628073903
Zarif,17,0,0.40754695022615317,-0.5218332024945121,-0.09028234439430904,1.489919665697303,-0.5423735443094563,-1.436601143819112,1.1793730892166723,-0.5471000811765304,-1.3641670699471355,-1.1478998369619013,0.5088253758066017,1.3402723533422434,1.2638048621157547,-0.5421463903963781,-1.45277001184019,0.7593727072201742,-0.5480313080634654,-0.5998821560428077,1.4184159250824162,-0.536599432538535,-1.4108661182066096,-0.11184076887853436,-0.5519369519520001,-1.3467162939871924,-1.5377434583480392,0.4567950904736171,1.2914290042676737,0.59060753668584,-0.5448555961074332,-1.4478889151599752,1.1923469500524069,0.5036753153591301,-0.22174666271928054,0.156578768999975,-0.5381715887040436,-1.3726066085449393,-0.47392514749731673,-0.4920756669812765,-1.1566493553937915,0.24826315035815827,0.5416500576999419,1.1973334577526336,-0.44152555159702306,-0.5369048334187074,-1.3121288688559236,-2.0365807357283807,-0.1899167700116268,0.8360220785448577,0.3862734507081001,-0.5332509461933772,-1.351094429885412,-0.31346053447528077,-0.5383512701820958,-1.0215712229598437,-0.11031032001067746,0.5303682322413739,1.1806701437318947,-0.07896169226077061,-0.5462900879576444,-1.2886078069545166,2.584756629535895,-0.2764015287262241,0.2853725474263811,0.08882105809358595,-0.5311704907664675,-1.2239071244000364,-0.4236838542249286,-0.5194420102577574,-1.1227353066733008,0.383250097592156,0.5276826993160222,1.0162682629295805,-0.44493080751669106,-0.5333808021932807,-1.100367826806181,-0.32582729552055506,-0.1978857723548905,0.28338810735076664,-0.07577656450835685,-0.5421828343222987,-1.4281259543751403,-0.2964633812232649,-0.5523043370486485,-1.2193458047288268,-0.4548137866392592,0.5244998773731383,1.2819840138039207,0.12195096180464829,-0.5468728009102883,-1.3650674346249227,0.1152028060487908,-0.566946709513841,-1.3283971641625187,-0.33472580228469945,0.0,-1.2973151868549828,0.05557787090575509,-0.566946709513841,-1.532633826782895,-0.08200398355048516,-0.566946709513841,-0.10685628403165713,0.13964128112113114,0.0,-1.3646394063903917,-0.06924916039119665,0.0,0.17614286761624076,0.3033274160677895,0.0,-1.303646239228569,0.3279233779101487,0.0,-0.8304652165641213,0.11096551206803051,0.0,1.2209149153421552,0.19183834451612564,0.0,-1.3878258354303459,-0.9099360874521771,0.0,0.6242914188435345,1.0140631823016792,0.0,-1.2675761036010862,-0.6068146752525903,0.0,-0.5529277064504563,-0.9627675954710797,0.0,1.273303578630356,0.4262645563920091,0.0,-1.3430607915177244,-1.4052975589326109,0.0,-0.42609702290828344,1.7672809275153063,0.0,-1.2634109329146468,1.0275488229870235,0.0,-1.3194508211840854,-1.2152245230352303,0.0,1.0015373843205277,1.450546254706332,0.0,-1.3529900628073903
Zarif,18,0,0.4207874447994571,-0.5218332024945121,-0.09028234439430904,1.01072477101603,-0.5423735443094563,-1.436601143819112,1.973254850941927,-0.5471000811765304,-1.3641670699471355,-0.7843997041403484,0.5088253758066017,1.3402723533422434,1.4924392457691973,-0.5421463903963781,-1.45277001184019,0.31603616485039665,-0.5480313080634654,-0.5998821560428077,0.5577191128814295,-0.536599432538535,-1.4108661182066096,0.055472583713142815,-0.5519369519520001,-1.3467162939871924,-1.5291329981677044,0.4567950904736171,1.2914290042676737,0.6974042128378193,-0.5448555961074332,-1.4478889151599752,1.4087859880259936,0.5036753153591301,-0.22174666271928054,-0.30409021212299503,-0.5381715887040436,-1.3726066085449393,-0.33076938676540313,-0.4920756669812765,-1.1566493553937915,0.38459130783830353,0.5416500576999419,1.1973334577526336,-0.41562368168760383,-0.5369048334187074,-1.3121288688559236,-0.46038589449598705,-0.1899167700116268,0.8360220785448577,0.054072560401611285,-0.5332509461933772,-1.351094429885412,0.235943193063984,-0.5383512701820958,-1.0215712229598437,0.31405668085015637,0.5303682322413739,1.1806701437318947,-0.10074733332915911,-0.5462900879576444,-1.2886078069545166,1.7472446349428543,-0.2764015287262241,0.2853725474263811,0.22308763894913153,-0.5311704907664675,-1.2239071244000364,-0.43408148875366215,-0.5194420102577574,-1.1227353066733008,-0.6753306288781354,0.5276826993160222,1.0162682629295805,0.15806252210939223,-0.5333808021932807,-1.100367826806181,0.30502170142719665,-0.1978857723548905,0.28338810735076664,-0.015488325443399835,-0.5421828343222987,-1.4281259543751403,0.2673600675958095,-0.5523043370486485,-1.2193458047288268,-1.3476122028630508,0.5244998773731383,1.2819840138039207,0.9531366506315397,-0.5468728009102883,-1.3650674346249227,-0.044954604427258446,-0.566946709513841,-1.3283971641625187,-0.39836550028392237,0.0,-1.2973151868549828,-0.24781728908734488,-0.566946709513841,-1.532633826782895,0.571921622237728,-0.566946709513841,-0.10685628403165713,-0.804355320289857,0.0,-1.3646394063903917,0.8706369040001872,0.0,0.17614286761624076,0.8214910778975383,0.0,-1.303646239228569,1.4783654451219097,0.0,-0.8304652165641213,0.8887662057422833,0.0,1.2209149153421552,0.5329478335606458,0.0,-1.3878258354303459,-1.22250685003048,0.0,0.6242914188435345,0.12986037615578888,0.0,-1.2675761036010862,-1.6613275487988202,0.0,-0.5529277064504563,-1.0995142153404158,0.0,1.273303578630356,-0.2596998447044849,0.0,-1.3430607915177244,-2.05788583984468,0.0,-0.42609702290828344,1.8489517789511438,0.0,-1.2634109329146468,-0.012312580328129166,0.0,-1.3194508211840854,-2.072331988064239,0.0,1.0015373843205277,1.3535788100814743,0.0,-1.3529900628073903
Zarif,19,0,0.02103514771663089,-0.5218332024945121,-0.09028234439430904,1.1932837226396673,-0.5423735443094563,-1.436601143819112,1.487254916803462,-0.5471000811765304,-1.3641670699471355,-1.1948229088593854,0.5088253758066017,1.3402723533422434,1.455348361891473,-0.5421463903963781,-1.45277001184019,0.06418412432252246,-0.5480313080634654,-0.5998821560428077,1.203988975351848,-0.536599432538535,-1.4108661182066096,0.17186531859240306,-0.5519369519520001,-1.3467162939871924,-1.6872411806385634,0.4567950904736171,1.2914290042676737,0.8426074467054032,-0.5448555961074332,-1.4478889151599752,0.643690597087467,0.5036753153591301,-0.22174666271928054,-0.09366116546261301,-0.5381715887040436,-1.3726066085449393,-0.055641283147950096,-0.4920756669812765,-1.1566493553937915,0.34662247624889153,0.5416500576999419,1.1973334577526336,-0.21329023933764535,-0.5369048334187074,-1.3121288688559236,-1.8722058241580855,-0.1899167700116268,0.8360220785448577,0.671865368140795,-0.5332509461933772,-1.351094429885412,-0.4761032454534617,-0.5383512701820958,-1.0215712229598437,-0.6041117828775151,0.5303682322413739,1.1806701437318947,0.18276196498821595,-0.5462900879576444,-1.2886078069545166,1.8626796173641755,-0.2764015287262241,0.2853725474263811,0.21839874580202018,-0.5311704907664675,-1.2239071244000364,-0.3903867905301235,-0.5194420102577574,-1.1227353066733008,-0.006564148663021802,0.5276826993160222,1.0162682629295805,-0.20319991218064914,-0.5333808021932807,-1.100367826806181,0.7158508388158943,-0.1978857723548905,0.28338810735076664,0.17331031205092484,-0.5421828343222987,-1.4281259543751403,-0.07866420211769544,-0.5523043370486485,-1.2193458047288268,-0.867186165711977,0.5244998773731383,1.2819840138039207,0.4838499819449688,-0.5468728009102883,-1.3650674346249227,-0.9713672332854604,-0.566946709513841,-1.3283971641625187,0.17937635601282692,0.0,-1.2973151868549828,-0.43166989257299426,-0.566946709513841,-1.532633826782895,-0.5774153449628951,-0.566946709513841,-0.10685628403165713,-0.014873582871706516,0.0,-1.3646394063903917,0.7559644428917264,0.0,0.17614286761624076,-0.5594364392183773,0.0,-1.303646239228569,0.09231325657202281,0.0,-0.8304652165641213,0.858655259542311,0.0,1.2209149153421552,-0.6528821130356934,0.0,-1.3878258354303459,-2.1309470719784747,0.0,0.6242914188435345,0.64326537097309,0.0,-1.2675761036010862,-1.390060747125348,0.0,-0.5529277064504563,-1.4344714046519618,0.0,1.273303578630356,0.2604860024173177,0.0,-1.3430607915177244,-1.9495597099689133,0.0,-0.42609702290828344,2.3826726581828535,0.0,-1.2634109329146468,-0.6029929337679298,0.0,-1.3194508211840854,-2.4843831618936747,0.0,1.0015373843205277,1.2493468074760719,0.0,-1.3529900628073903
